channel_id,title,handle,subscriber_count,category,selected,eligible,source,country,default_language,video_count,view_count,made_for_kids,n_long_recent,en_share,sponsor_share,topics
UCE4Gn00XZbpWvGUfIslT-tA,MagnatesMedia,@magnatesmedia,1860000,commentary,TRUE,TRUE,seed,GB,,255,194134897,FALSE,11,1,0.818181818181818,Knowledge;Society
UCh9IfI45mmk59eDvSWtuuhQ,Ryan George,@ryangeorge,1850000,commentary,TRUE,TRUE,seed,CA,,440,731434544,FALSE,44,1,0.113636363636364,Society;Entertainment;Film
UCwnKziETDbHJtx78nIkfYug,CaspianReport,@caspianreport,1850000,commentary,TRUE,TRUE,seed,NL,,571,276334812,FALSE,50,1,0.94,Military;Society;Politics
UCmYesELO6axBrCuSpf7S9DQ,Mr. Beat,@iammrbeat,1420000,commentary,TRUE,TRUE,seed,US,en,983,390830900,FALSE,17,1,0.411764705882353,Politics;Society
UCchWU8ta6L-Dy3rGIxPINzw,ReignBot,@reignbot,1400000,commentary,TRUE,TRUE,seed,US,,199,172988092,FALSE,7,1,0.142857142857143,Knowledge;Society
UCcvfHa-GHSOHFAjU0-Ie57A,Adam Something,@adamsomething,1310000,commentary,TRUE,TRUE,seed,CZ,,179,178794270,FALSE,23,1,0.217391304347826,Society;Politics
UC5T0tXJN5CrMZUEJuz4oovw,Nerdrotic,@nerdrotic,1290000,commentary,TRUE,TRUE,seed,US,,1833,372468346,FALSE,50,1,0.62,Television_program;Entertainment;Film
UCf-U0uPVQZtcqXUWa_Hl4Mw,Into the Shadows,@intotheshadows,1290000,commentary,TRUE,TRUE,seed,CZ,,571,218303942,FALSE,50,1,0.2,Knowledge;Society;Politics
UC3_qYh4foNgVXI7NzcuxlCA,Matthew Cox | Inside True Crime,@insidetruecrime,1240000,commentary,TRUE,TRUE,mostPopular,US,,2943,1154572387,FALSE,10,1,0.8,Society;Entertainment
UCl3SuH2Ue044b7ACX1syk4A,Dark Docs,@darkdocs,1200000,commentary,TRUE,TRUE,seed,US,,772,378557095,FALSE,50,1,0.02,Entertainment;Knowledge;Military;Society;Film
UCZRoNJu1OszFqABP8AuJIuw,Logically Answered,@logicallyanswered,928000,commentary,TRUE,TRUE,seed,US,,1195,213325976,FALSE,42,1,0.333333333333333,Knowledge;Technology;Lifestyle_(sociology)
UC58IKuPHnZkdCZ6T5mSRGCg,Night Mind,@nightmind,856000,commentary,TRUE,TRUE,seed,US,,301,114953069,FALSE,37,1,0.432432432432432,Entertainment;Film;Lifestyle_(sociology);Society
UCgbiGqt8aLTNyhf43w_NuBg,lauren,@emowhofromwhoville,855000,commentary,TRUE,TRUE,mostPopular,,,268,94278160,FALSE,13,1,0.384615384615385,Lifestyle_(sociology);Entertainment;Technology
UCY6DpwQetygtye7GM1zVHmw,tiffanyferg,@tiffanyferg,836000,commentary,TRUE,TRUE,seed,US,en,302,83251706,FALSE,21,1,0.428571428571429,Lifestyle_(sociology);Technology
UCbzVRTkX3bzNZuBd9In4XyA,Modern MBA,@modernmba,831000,commentary,TRUE,TRUE,seed,US,,83,64139213,FALSE,26,1,0.153846153846154,Knowledge;Lifestyle_(sociology);Food
UChI0q9a-ZcbZh7dAu_-J-hg,Upper Echelon,@upperechelon,799000,commentary,TRUE,TRUE,seed,US,,1332,190694467,FALSE,50,1,0.46,Lifestyle_(sociology);Technology;Society;Politics
UCROQqK3_z79JuTetNP3pIXQ,captainmidnight,@captainmidnight,746000,commentary,TRUE,TRUE,seed,US,,445,178423110,FALSE,50,1,0.34,Film;Entertainment;Television_program
UCF1fG3gT44nGTPU2sVLoFWg,Patrick (H) Willems,@patrickhwillems,659000,commentary,TRUE,TRUE,seed,US,,448,82327702,FALSE,16,1,0.0625,Film;Entertainment;Lifestyle_(sociology)
UCC3ehuUksTyQ7bbjGntmx3Q,Perun,@perunau,644000,commentary,TRUE,TRUE,seed,AU,,237,143268292,FALSE,50,1,0.74,Military;Society;Politics
UCUyH4QfXX-5NOT0bULqG6lQ,Wall Street Millennial,@wallstreetmillennial,370000,commentary,TRUE,TRUE,seed,US,,970,94562019,FALSE,49,1,0.285714285714286,Lifestyle_(sociology);Technology;Society;Knowledge
UC23br5EGcGdrYVihz6A6Cag,Neo Comics 📚,@neocomics007,175000,commentary,TRUE,TRUE,mostPopular,IN,,1002,540292858,FALSE,6,1,0.166666666666667,Entertainment;Film
UCzOfLNkiScJp3U_h_QlvHHg,Willjum,@willjum,1990000,gaming,TRUE,TRUE,mostPopular,GB,,440,454624592,FALSE,44,1,0.272727272727273,Strategy_video_game;Action-adventure_game;Video_game_culture;Action_game;Role-playing_video_game
UCNWgHP_0lBoB8QqECjZTgoQ,BFordLancer,@bfordlancer,1840000,gaming,TRUE,TRUE,mostPopular,US,,2586,920474544,FALSE,32,1,0.25,Video_game_culture;Association_football;Sport;Sports_game
UCCdM7Zk1l93Z-7_krglTI1A,Yumi,@yumi,1720000,gaming,TRUE,TRUE,mostPopular,US,,687,305943348,FALSE,50,0.96,0.1,Role-playing_video_game;Action_game;Video_game_culture;Action-adventure_game
UC9QqBypELbqUVlsg4zMrN0Q,AJ3,@aj3,1710000,gaming,TRUE,TRUE,mostPopular,GB,,2735,825608310,FALSE,35,1,0.971428571428571,Strategy_video_game;Video_game_culture;Sports_game
UCJ47W_WzuzbHaONWB5a9i7w,bateson87,@bateson87,1700000,gaming,TRUE,TRUE,mostPopular,GB,,8935,750621493,FALSE,32,1,0.03125,Strategy_video_game;Video_game_culture;Sports_game
UCSDiMahT5qDCjoWtzruztkw,ambiguousamphibian,@ambiguousamphibian,1680000,gaming,TRUE,TRUE,mostPopular,US,,520,385082093,FALSE,50,1,0.12,Action_game;Role-playing_video_game;Video_game_culture;Simulation_video_game;Action-adventure_game;Strategy_video_game
UCSpzAXtHPzo3_vW1VbYi2eg,al1,@al1craft.,1640000,gaming,TRUE,TRUE,mostPopular,CA,,155,296243450,FALSE,39,1,0.102564102564103,Action_game;Action-adventure_game;Video_game_culture;Role-playing_video_game
UCH_7doiCkWeq0v3ycWE5lDw,Any Austin,@any_austin,1590000,gaming,TRUE,TRUE,mostPopular,US,,405,186705301,FALSE,39,1,0.641025641025641,Action_game;Video_game_culture;Action-adventure_game;Role-playing_video_game
UC9PBzalIcEQCsiIkq36PyUA,Digital Foundry,@digitalfoundry,1530000,gaming,TRUE,TRUE,seed,US,,4735,823903055,FALSE,50,1,0.6,Role-playing_video_game;Action-adventure_game;Video_game_culture;Action_game
UC8QylkZmeGTi5Y2VR5bf7VA,More Chuff,@morechuff,1480000,gaming,TRUE,TRUE,mostPopular,GB,,692,628206004,FALSE,29,1,0.0689655172413793,Video_game_culture;Sports_game
UCZz1vlP2XaeKnEP3L5hmcVA,EpicNate,@epicnate,1480000,gaming,TRUE,TRUE,mostPopular,US,,931,633778568,FALSE,10,1,0.1,Action_game;Action-adventure_game;Video_game_culture;Role-playing_video_game
UCqTYHSnBUXZamsVcOlQf-fg,The Cosmonaut Variety Hour,@cosmonautvarietyhour,1470000,gaming,TRUE,TRUE,mostPopular,US,,296,420192209,FALSE,29,1,0.172413793103448,Entertainment;Film
UCEq8Izumuxv6KqB59FNlouQ,Vortrox,@vortrox,1440000,gaming,TRUE,TRUE,mostPopular,US,,790,516708460,FALSE,45,1,0.0222222222222222,Video_game_culture;Action_game
UC3tNpTOHsTnkmbwztCs30sA,Northernlion,@northernlion,1390000,gaming,TRUE,TRUE,seed,,,22697,1837319474,FALSE,50,1,0.02,Strategy_video_game;Video_game_culture;Role-playing_video_game;Action-adventure_game;Action_game
UCWB5bXE2mtdtT42csZv-w6A,Zoink,@zoink,1350000,gaming,TRUE,TRUE,mostPopular,US,,676,236749257,FALSE,49,1,0.0204081632653061,Action_game;Video_game_culture
UCNnYaoXfEcBt3SdRKPpDrxQ,Henwy,@henwy,1310000,gaming,TRUE,TRUE,mostPopular,GB,am,1064,263766171,FALSE,50,1,1,Action_game;Action-adventure_game;Video_game_culture;Role-playing_video_game
UChK0KzE7fazKdo4IfLBk9RQ,SMii7Yplays,@smii7yplays,1240000,gaming,TRUE,TRUE,mostPopular,,,102,128460453,FALSE,50,1,1,Role-playing_video_game;Action-adventure_game;Video_game_culture;Action_game;Casual_game
UCmY6t25uVbXIDTizjfLBI4Q,Bigpuffer,@bigpuffer,1240000,gaming,TRUE,TRUE,mostPopular,US,,1169,421602356,FALSE,47,1,0.680851063829787,Role-playing_video_game;Action_game;Video_game_culture;Action-adventure_game;Strategy_video_game
UCo8F0MWDvuVK21VMC2PHcZQ,ImCade,@imcade,1180000,gaming,TRUE,TRUE,mostPopular,US,,2052,555019721,FALSE,50,1,1,Action_game;Role-playing_video_game;Video_game_culture;Action-adventure_game;Strategy_video_game
UCT6iAerLNE-0J1S_E97UAuQ,YongYea,@yongyea,1170000,gaming,TRUE,TRUE,seed,US,,4319,711722027,FALSE,50,1,0.02,Role-playing_video_game;Video_game_culture;Action_game;Action-adventure_game
UCrfoHZm9EHP0vtt94xM7p1Q,SeeReax,@seereax,1140000,gaming,TRUE,TRUE,mostPopular,US,,1779,435016769,FALSE,47,1,0.0638297872340426,Action-adventure_game;Action_game;Video_game_culture;Role-playing_video_game
UCtu2BCnJoFGRBOuIh570QWw,Sodapoppin,@sodapoppin,1120000,gaming,TRUE,TRUE,mostPopular,US,,2966,582651302,FALSE,26,1,1,Action-adventure_game;Action_game;Video_game_culture;Role-playing_video_game;Strategy_video_game
UCZ7AeeVbyslLM_8-nVy2B8Q,Skill Up,@skillup,1110000,gaming,TRUE,TRUE,seed,AU,,1235,351015580,FALSE,50,1,0.88,Action_game;Video_game_culture;Action-adventure_game;Role-playing_video_game
UC7Wyuc7HQXbC70GGqVLl9mQ,NickRTFM,@nickrtfm,1060000,gaming,TRUE,TRUE,mostPopular,,,5622,648801583,FALSE,32,1,0.21875,Sports_game;Video_game_culture
UC5sc1ysFs7RfjjEFMuQ3ZQw,DougDougDoug,@dougdougdoug,1060000,gaming,TRUE,TRUE,mostPopular,US,,146,225006743,FALSE,39,1,0.0769230769230769,Role-playing_video_game;Video_game_culture;Action_game
UC3ltptWa0xfrDweghW94Acg,Karl Jobst,@karljobst,1050000,gaming,TRUE,TRUE,seed,AU,,213,269476557,FALSE,44,1,0.545454545454545,Action-adventure_game;Video_game_culture;Action_game;Role-playing_video_game
UC-sJ8u8eu_ivfzekwkue38g,Super GT,@super_gt,1020000,gaming,TRUE,TRUE,mostPopular,GB,,2342,363257799,FALSE,45,1,0.622222222222222,Sports_game;Video_game_culture;Racing_video_game
UCfHmyqCntYHQ81ZukNu66rg,Razbuten,@razbuten,914000,gaming,TRUE,TRUE,seed,US,,98,103732877,FALSE,10,1,0.2,Action-adventure_game;Video_game_culture;Role-playing_video_game;Action_game
UCYGDiVemmhY_Q1M-hKp4fvw,big boss,@bigbosstube,888000,gaming,TRUE,TRUE,mostPopular,GB,,25,90077341,FALSE,6,1,0.166666666666667,Action-adventure_game;Action_game;Video_game_culture;Role-playing_video_game
UCZ794guEEqxS7Pyr-QT1PGQ,Waligug,@waligug,874000,gaming,TRUE,TRUE,mostPopular,CA,,429,172944234,FALSE,50,1,0.04,Casual_game;Role-playing_video_game;Video_game_culture;Action_game;Strategy_video_game;Simulation_video_game;Action-adventure_game
UCMaGRL-UnufF-eIcPObFdXQ,That Chief Guy,@thatchiefguy,867000,gaming,TRUE,TRUE,mostPopular,US,,228,117926267,FALSE,12,1,1,Action-adventure_game;Video_game_culture;Role-playing_video_game;Simulation_video_game;Action_game
UC-lfGGqb5hHLBqVnVnWyrsw,Joe Bart VODs,@joebartvod,866000,gaming,TRUE,TRUE,mostPopular,US,,879,245943649,FALSE,50,1,1,Role-playing_video_game;Action_game;Video_game_culture;Action-adventure_game
UCeOBfeqct7LUHhdHb5bzfzA,SB737+,@sb737plus,844000,gaming,TRUE,TRUE,mostPopular,GB,,392,141570515,FALSE,32,1,0.15625,Role-playing_video_game;Video_game_culture;Action-adventure_game;Action_game
UC9jDrJTkY0kHf30mhlnV2fQ,Wanted ⭐,@wanted-,817000,gaming,TRUE,TRUE,mostPopular,AU,,27,68624439,FALSE,7,1,0.142857142857143,Action_game;Video_game_culture;Action-adventure_game;Role-playing_video_game
UCKtix2xNNXdcEfEFnoOnvMw,Aliensrock,@aliensrock,806000,gaming,TRUE,TRUE,seed,US,,3248,694404710,FALSE,47,1,0.0425531914893617,Role-playing_video_game;Puzzle_video_game;Video_game_culture;Strategy_video_game
UCs-w7E2HZWwXmjt9RTvBB_A,Settled,@settledrs,801000,gaming,TRUE,TRUE,mostPopular,US,,262,165913227,FALSE,26,1,0.153846153846154,Action-adventure_game;Strategy_video_game;Video_game_culture;Role-playing_video_game;Action_game;Simulation_video_game
UCxcQX3lLPT8ACwGKEQuwtDg,Evample,@evample,776000,gaming,TRUE,TRUE,mostPopular,AU,,384,162553828,FALSE,50,1,0.08,Racing_video_game;Video_game_culture;Action_game;Action-adventure_game;Sports_game
UCe4_UPAmhz2sqorGbF8oZHA,Luke Stephens,@lukestephenstv,757000,gaming,TRUE,TRUE,seed,US,,1247,267361348,FALSE,7,1,0.571428571428571,Action_game;Video_game_culture;Action-adventure_game;Role-playing_video_game
UCZjp01JbF-hCWlaDWi1zKbA,Spookston,@spookston,681000,gaming,TRUE,TRUE,mostPopular,US,en,1218,478559028,FALSE,50,1,0.14,Action-adventure_game;Strategy_video_game;Video_game_culture;Action_game;Role-playing_video_game
UCwiaPYufmQOq5F1TI-FzQhw,Bellular Warcraft,@bellular-warcraft,670000,gaming,TRUE,TRUE,mostPopular,GB,,3265,345088143,FALSE,50,1,0.44,Strategy_video_game;Role-playing_video_game;Video_game_culture;Action-adventure_game;Action_game
UCGxYHAR9f_leP1yXDXNNDsA,Fir,@fir,649000,gaming,TRUE,TRUE,mostPopular,US,,192,170498834,FALSE,39,1,0.0769230769230769,Action-adventure_game;Action_game;Video_game_culture;Role-playing_video_game
UCCY0PEQgZbhXm6-0WHiHJEw,daukey,@daukey,612000,gaming,TRUE,TRUE,mostPopular,US,,256,89960929,FALSE,50,1,0.04,Action_game;Video_game_culture;Action-adventure_game;Role-playing_video_game
UCJ6HGCXqOg_l2CIvFnIlzjA,CharlieBarley,@charliebarley,603000,gaming,TRUE,TRUE,mostPopular,US,,289,87128159,FALSE,41,1,0.0975609756097561,Action-adventure_game;Action_game;Video_game_culture;Role-playing_video_game;Simulation_video_game
UCdAy0KqpdA2Lp2_Qp0yNk2g,ChristopherOdd,@christopherodd,600000,gaming,TRUE,TRUE,seed,CA,,10440,426322057,FALSE,49,1,0.0816326530612245,Strategy_video_game;Action-adventure_game;Video_game_culture;Role-playing_video_game;Action_game
UC9NnPJ4oNYkDXzD14zaOqJw,Granty,@grantyy,581000,gaming,TRUE,TRUE,mostPopular,US,,64,121271532,FALSE,27,1,0.222222222222222,Strategy_video_game;Action-adventure_game;Video_game_culture;Role-playing_video_game;Action_game
UCRIxFJ5UicWOUdoUYyJTD1Q,Gbay99,@gbay99,565000,gaming,TRUE,TRUE,mostPopular,US,,822,152729079,FALSE,30,1,0.3,Role-playing_video_game;Video_game_culture;Action_game;Strategy_video_game;Action-adventure_game
UCDYZxJE8kLZ-o6nL8E1bXdQ,Many A True Nerd,@manyatruenerd,560000,gaming,TRUE,TRUE,seed,,,5139,445566502,FALSE,50,1,0.02,Action-adventure_game;Role-playing_video_game;Video_game_culture;Action_game;Strategy_video_game
UCAF_yy-Y4yl4VMiQ7RV3STw,PotatoMcWhiskey,@potatomcwhiskey,543000,gaming,TRUE,TRUE,seed,IE,,3082,233455626,FALSE,49,1,0.0204081632653061,Simulation_video_game;Role-playing_video_game;Video_game_culture;Strategy_video_game;Action_game
UCNq9guLAKVEUqh7m3aOgleQ,RubixRaptor,@rubixraptor,543000,gaming,TRUE,TRUE,mostPopular,US,,539,183924337,FALSE,50,1,0.04,Action-adventure_game;Video_game_culture;Action_game;Strategy_video_game;Role-playing_video_game
UC1PcbGFipHcjmqcvMgnmVcg,TogoZB,@togozb,531000,gaming,TRUE,TRUE,mostPopular,,,1357,608851917,FALSE,26,1,1,Role-playing_video_game;Action_game;Video_game_culture;Action-adventure_game
UCaN7TrPd7RPDZ09aHlCMglw,Kyto,@kytoyt,452000,gaming,TRUE,TRUE,mostPopular,US,,445,168032582,FALSE,8,1,0.125,Role-playing_video_game;Action-adventure_game;Video_game_culture;Action_game
UCk8gtaDiah97_aG45g2b7uQ,Mark Goldbridge,@markgoldbridge,431000,gaming,TRUE,TRUE,mostPopular,,,409,47316093,FALSE,44,1,0.0227272727272727,Video_game_culture;Sports_game
UCFkOW3MW6WGNwLsQup6qHIw,Reginald II,@reggievods,375000,gaming,TRUE,TRUE,mostPopular,CA,,30,37823397,FALSE,9,1,0.333333333333333,Strategy_video_game;Action_game;Video_game_culture;Role-playing_video_game;Action-adventure_game
UCryGXpN-Jo0JfI1j7WKhNMQ,TCD,@tcd_media,371000,gaming,TRUE,TRUE,mostPopular,US,,113,76666800,FALSE,37,1,0.0540540540540541,Action_game;Video_game_culture;Puzzle_video_game
UCE_BYUUN0I04cAmk1c40sTg,Tesla,@teslarust,355000,gaming,TRUE,TRUE,mostPopular,AU,,151,51148461,FALSE,31,1,0.032258064516129,Role-playing_video_game;Video_game_culture;Action-adventure_game;Strategy_video_game;Action_game
UCz28y3fThmxHaIh7Zl-i6KA,mattbatwings,@mattbatwings,345000,gaming,TRUE,TRUE,mostPopular,,,122,35796963,FALSE,21,1,0.571428571428571,Video_game_culture;Role-playing_video_game
UC-dDPClZzfqCAcxuQPhqx7A,Clooless Gaming,@cloolessgamingg,293000,gaming,TRUE,TRUE,mostPopular,US,,87,40446035,FALSE,50,1,1,Role-playing_video_game;Action_game;Video_game_culture;Action-adventure_game
UCDK_SJehkiiyhCwSZolGD-w,EXP,@watchexp,249000,gaming,TRUE,TRUE,mostPopular,GB,,380,70657887,FALSE,18,1,0.222222222222222,Action_game;Video_game_culture;Action-adventure_game;Role-playing_video_game
UCyfAncW8U5ih8ptObV21G-w,pChal Daily,@pchaldaily,244000,gaming,TRUE,TRUE,mostPopular,DE,,1002,131295208,FALSE,50,0.98,0.02,Action_game;Video_game_culture;Role-playing_video_game
UCVzKJvNg6RAtwAwIJ9tflng,Manny Plus,@mannyplus,237000,gaming,TRUE,TRUE,mostPopular,GB,,663,38266328,FALSE,50,1,0.02,Sports_game;Video_game_culture;Simulation_video_game
UCi4oaPnysjad4Vb5G_8SkFg,BLOX,@thebloxmc,202000,gaming,TRUE,TRUE,mostPopular,,,237,58107027,FALSE,50,1,0.08,Action_game;Action-adventure_game;Video_game_culture;Role-playing_video_game
UC0l4egqFkC7XQvZFW1qajPg,FNS,@gofns,182000,gaming,TRUE,TRUE,mostPopular,US,,747,70453582,FALSE,37,1,0.027027027027027,Action_game;Video_game_culture;Strategy_video_game
UCaSFA101FujqVXnSbfOaH5w,Finoggin,@finoggin,167000,gaming,TRUE,TRUE,mostPopular,GB,,851,98297561,FALSE,15,1,0.0666666666666667,Action_game;Role-playing_video_game;Video_game_culture;Action-adventure_game
UCqTCf-KZ1tbI1zR-9lOuwOA,Shawrey,@shawrey_,159000,gaming,TRUE,TRUE,mostPopular,GB,,542,21875366,FALSE,42,1,0.119047619047619,Sports_game;Video_game_culture
UCGtVx6kynsJRHynh8tqFE9w,PHY,@phycasts,153000,gaming,TRUE,TRUE,mostPopular,US,,144,50318610,FALSE,16,1,0.25,Video_game_culture;Action_game
UCTyjJESe8ZWU5WeNOnrUFgw,Magician Rblx,@magicianroblox,117000,gaming,TRUE,TRUE,mostPopular,,,571,26774338,FALSE,50,1,0.04,Action-adventure_game;Video_game_culture;Role-playing_video_game;Action_game;Casual_game
UCDTINI9skkeZNY2ZXnBqIkQ,Eva zu Beck,@evazubeck,1930000,lifestyle,TRUE,TRUE,seed,,,307,193678990,FALSE,37,1,0.243243243243243,Hobby;Lifestyle_(sociology);Tourism
UCwAnu01qlnVg1Ai2AbtTMaA,Jeff Su,@jeffsu,1910000,lifestyle,TRUE,TRUE,seed,US,,316,104971003,FALSE,27,1,0.037037037037037,Lifestyle_(sociology);Technology;Knowledge
UC1dveoCg6eLJcy8q3l6u5Sg,Kristen McGowan,@kristenmcgowan,1870000,lifestyle,TRUE,TRUE,mostPopular,US,,585,206821587,FALSE,27,1,0.148148148148148,Lifestyle_(sociology);Hobby
UCdomP1JqhnyBQGaBmfDl4KQ,Squirmy and Grubs,@squirmyandgrubs,1860000,lifestyle,TRUE,TRUE,mostPopular,US,,902,801626408,FALSE,38,1,0.657894736842105,Health;Lifestyle_(sociology)
UCEgoThiTZG6wbTVA6B1Ksaw,Gentleman's Gazette,@gentlemansgazette,1820000,lifestyle,TRUE,TRUE,seed,US,en,1276,230927371,FALSE,22,1,0.0454545454545455,Lifestyle_(sociology);Fashion
UCn5fhcGRrCvrmFibPbT6q1A,Brian Lagerstrom ,@brianlagerstrom,1800000,lifestyle,TRUE,TRUE,seed,US,,401,235813049,FALSE,50,1,0.2,Lifestyle_(sociology);Food
UCrdWRLq10OHuy7HmSckV3Vg,Nathaniel Drew,@nathanieldrew,1780000,lifestyle,TRUE,TRUE,seed,US,,213,118067248,FALSE,19,1,0.0526315789473684,Lifestyle_(sociology)
UCB1-RigeufGnLQk398om1cg,simply rhaze,@simplyrhaze,1680000,lifestyle,TRUE,TRUE,mostPopular,PH,,3250,603259289,FALSE,49,0.612244897959184,1,Food;Lifestyle_(sociology)
UCdEczn3MVkx_4PnMZ10MVFA,Hoovies Garage,@hooviesgarage,1660000,lifestyle,TRUE,TRUE,seed,,,793,542545226,FALSE,46,1,0.326086956521739,Vehicle;Lifestyle_(sociology)
UCNqLK36Gm214qufpgC5C45w,Ava Jules,@avajules,1610000,lifestyle,TRUE,TRUE,mostPopular,US,,645,207973226,FALSE,29,1,0.206896551724138,Lifestyle_(sociology)
UCXLnGIevWGWK2dPDcvM5-CA,RemLife,@remlife,1480000,lifestyle,TRUE,TRUE,mostPopular,US,,1622,454306404,FALSE,45,1,0.2,Food;Lifestyle_(sociology)
UCEkuogE57xac9EPZ3EZwWIg,Morgan Eckroth,@morgandrinkscoffee,1460000,lifestyle,TRUE,TRUE,seed,US,,546,486937845,FALSE,23,1,0.130434782608696,Food;Lifestyle_(sociology)
UCuL-5ytBmu6KG0BwjSFaD0g,NOT ANOTHER COOKING SHOW,@notanothercookingshow,1420000,lifestyle,TRUE,TRUE,seed,US,,581,172681979,FALSE,47,1,0.319148936170213,Lifestyle_(sociology);Food
UCZjy7LamZd5pMW7O0JF_3Nw,Krystal Oh,@krystaloh,1420000,lifestyle,TRUE,TRUE,mostPopular,US,,603,923662999,FALSE,8,1,1,Lifestyle_(sociology)
UCskGDClmh-KvMk9tFxCf0Jw,Montana & Ryan,@montanaandryan,1400000,lifestyle,TRUE,TRUE,mostPopular,US,,1204,345148109,FALSE,8,1,0.125,Lifestyle_(sociology);Entertainment
UCBAGtBjmMhfVUrv1Lc3Mdqw,Nathaly Cuevas,@nathalycuevas,1390000,lifestyle,TRUE,TRUE,mostPopular,US,,766,332872926,FALSE,39,1,0.102564102564103,Lifestyle_(sociology)
UCwR-g7XxcLxjYVTS5qncFhg,Anastasia Kingsnorth,@anastasiakings,1340000,lifestyle,TRUE,TRUE,mostPopular,GB,,1125,430677339,FALSE,48,1,1,Lifestyle_(sociology);Food
UCN0jjRU6bdRf1vEmvpoyveg,Tara Michelle,@imtaramichelle,1290000,lifestyle,TRUE,TRUE,mostPopular,US,,1146,159166874,FALSE,15,1,0.333333333333333,Lifestyle_(sociology)
UC0psAD-M4X6O0yC_hFRK4hw,AlondraDessy (alondradessy),@alondradessy,1270000,lifestyle,TRUE,TRUE,mostPopular,US,,272,143179587,FALSE,36,1,0.333333333333333,Lifestyle_(sociology)
UCM7I_NC8mIyNLlslSi129ow,You Betcha,@ohhyoubetcha,1240000,lifestyle,TRUE,TRUE,mostPopular,US,,1036,1247550864,FALSE,8,1,0.375,Lifestyle_(sociology);Entertainment
UCvcEBQ0K3UsQ8bzWKHKQmbw,struthless,@struthless,1230000,lifestyle,TRUE,TRUE,seed,AU,,155,59048322,FALSE,23,1,0.217391304347826,Lifestyle_(sociology)
UCFCEuCsyWP0YkP3CZ3Mr01Q,The Plain Bagel,@theplainbagel,1220000,lifestyle,TRUE,TRUE,seed,CA,,280,101091021,FALSE,48,1,0.0625,Knowledge;Society
UCYVj9XAwBl6pMR8TQKZ2oag,Sunkissed Mama,@sunkissedmama,1150000,lifestyle,TRUE,TRUE,mostPopular,US,,1531,902024338,FALSE,7,1,0.428571428571429,Lifestyle_(sociology)
UCZzQ9gNE0vjjlZVHn95QRuQ,Mark McCann,@markmccann64,1120000,lifestyle,TRUE,TRUE,mostPopular,GB,,191,131766311,FALSE,44,1,1,Lifestyle_(sociology);Vehicle
UCSuT9FSddzI6W5Bij9XwtmA,Internet Shaquille,@internetshaquille,849000,lifestyle,TRUE,TRUE,seed,US,,257,174093279,FALSE,25,1,0.16,Lifestyle_(sociology);Food
UC-Um2u0Agv8Q-OhjO6FZk1g,rach leary,@rachleary,679000,lifestyle,TRUE,TRUE,mostPopular,,,853,86905619,FALSE,49,1,0.163265306122449,Fashion;Lifestyle_(sociology)
UCH2QT_33C81WQwFsRJjGuxA,Riss & Quan Vlogs,@rissandquanvlogs,651000,lifestyle,TRUE,TRUE,mostPopular,US,,323,64129677,FALSE,50,0.98,0.06,Lifestyle_(sociology);Hobby
UCw_cgQw94ppdIjwHFE0aQ7g,Gemma Louise Miles,@gemmalouisemiles,607000,lifestyle,TRUE,TRUE,mostPopular,GB,,566,97213237,FALSE,22,1,0.318181818181818,Lifestyle_(sociology);Hobby
UC-RX7Rb0D8xmWGWIwL8kvmQ,Amelia Liana,@amelialiana,605000,lifestyle,TRUE,TRUE,mostPopular,GB,,2190,328242270,FALSE,10,1,0.1,Fashion;Lifestyle_(sociology)
UCuGWDiuIVLEpiAbIC4Ack9w,Jaz Hand,@jazhand,592000,lifestyle,TRUE,TRUE,mostPopular,AU,,803,67277296,FALSE,27,1,0.962962962962963,Fashion;Lifestyle_(sociology)
UC1CUhQQjVS13V6cNKJyePDg,Elle Swift,@elleswift,585000,lifestyle,TRUE,TRUE,mostPopular,GB,,649,123562884,FALSE,43,1,0.0465116279069768,Lifestyle_(sociology)
UCiGWpX9oCmMu3hRUV_ZBvpg,Danielle Marie Carolan,@daniellecarolan,543000,lifestyle,TRUE,TRUE,mostPopular,US,,1033,99246036,FALSE,42,1,0.357142857142857,Fashion;Lifestyle_(sociology)
UCjRoxFS4bC9iytqPZaAJkRQ,Maya Galore,@mayagalore,537000,lifestyle,TRUE,TRUE,mostPopular,US,,565,36833584,FALSE,36,1,0.416666666666667,Fashion;Lifestyle_(sociology)
UCNKWfWg41fKCYsVd8-dJHGA,Evelyn Ha,@hjevelynvlogs,531000,lifestyle,TRUE,TRUE,mostPopular,US,,181,45738111,FALSE,21,1,0.0476190476190476,Lifestyle_(sociology)
UCzC9E3yXJoBSBfUKpDQKw2g,Christina Mychas,@christinamychas,490000,lifestyle,TRUE,TRUE,mostPopular,CA,,693,80718142,FALSE,19,1,0.631578947368421,Lifestyle_(sociology);Fashion
UC7GWUjyrgun5hE-EGI0MBKA,Sophia and Cinzia,@sophiaandcinzia,458000,lifestyle,TRUE,TRUE,mostPopular,GB,,687,147774416,FALSE,50,1,0.02,Lifestyle_(sociology)
UCqtjdWqX85SKxVwCRgaJbkw,Sara Carrolli,@saracarrolli,446000,lifestyle,TRUE,TRUE,mostPopular,US,,462,71442025,FALSE,47,1,0.170212765957447,Lifestyle_(sociology)
UCRw5sR-ZubiAr3Dxh_sJ64w,THE WADS,@kimberlywhisk,413000,lifestyle,TRUE,TRUE,mostPopular,US,,2026,179322538,FALSE,39,1,0.282051282051282,Food;Lifestyle_(sociology)
UCgBwzRfT-AhKvDpaM4R-XIg,Jamerrill Stewart ,@jamerrillstewart,407000,lifestyle,TRUE,TRUE,mostPopular,US,,1096,119698882,FALSE,50,1,0.64,Lifestyle_(sociology);Food
UCgfsZHnW6-6uMLmOGu824kQ,Epic Homesteading,@epichomesteading,392000,lifestyle,TRUE,TRUE,mostPopular,US,,255,71256848,FALSE,49,1,0.0204081632653061,Lifestyle_(sociology)
UCcx0GWauE1_cQYSkk70y0YA,Dainty Diaries,@daintydiaries,364000,lifestyle,TRUE,TRUE,mostPopular,IE,,1288,53166012,FALSE,48,1,0.208333333333333,Lifestyle_(sociology);Hobby
UCWq4rBWfctWP0duZwofs61w,The Indie Projects,@theindieprojects,352000,lifestyle,TRUE,TRUE,mostPopular,GB,,704,80503211,FALSE,50,1,0.22,Lifestyle_(sociology)
UCXVVwb-CgnwYkhlfn9X4Z-Q,Sophie Jayne,@sophiejayne,326000,lifestyle,TRUE,TRUE,mostPopular,AU,,529,41056582,FALSE,36,1,0.0555555555555556,Lifestyle_(sociology)
UCiBm-VyAD9rud1xBgyl-fUQ,Paige Paul,@paigelorenze,325000,lifestyle,TRUE,TRUE,mostPopular,US,,149,22074974,FALSE,48,1,0.0625,Lifestyle_(sociology)
UC_IxnxEC1gUD_tze6MQfH2Q,Elphick.Event.Ponies,@elphick.event.ponies,292000,lifestyle,TRUE,TRUE,mostPopular,,,1215,152773140,FALSE,38,1,0.184210526315789,Pet;Lifestyle_(sociology);Sport
UCiRbVil-Cxn1h28DYVgXUJQ,Preetyomahs World,@preetyomahsworld,279000,lifestyle,TRUE,TRUE,mostPopular,US,,388,66603530,FALSE,30,1,0.1,Lifestyle_(sociology)
UCxVEsOhpjLTRKNUSA8e0mfA,"XO, MaCenna Vlogs",@xomacennavlogs,265000,lifestyle,TRUE,TRUE,mostPopular,US,,606,99586589,FALSE,46,1,0.282608695652174,Lifestyle_(sociology);Hobby
UCiPV7RblxaUF6Z4BpTtlVqA,Nely Cuevas,@nely_cuevass,249000,lifestyle,TRUE,TRUE,mostPopular,,,246,35316118,FALSE,47,1,0.553191489361702,Lifestyle_(sociology)
UCG77nd4obt7SMuVIat2Izvg,Sierra & Stephen IRL,@sierrastephenirl,248000,lifestyle,TRUE,TRUE,mostPopular,US,,691,51863759,FALSE,38,1,0.236842105263158,Lifestyle_(sociology)
UCeD772NkDpff6jMIEoDkDnQ,Glowing Healthy,@glowinghealthy,231000,lifestyle,TRUE,TRUE,mostPopular,GB,,313,37536414,FALSE,19,1,0.842105263157895,Health;Lifestyle_(sociology)
UCC3X81KrKId1Yvvl0Bs_VoA,Today is Someday,@todayissomeday,198000,lifestyle,TRUE,TRUE,mostPopular,US,,425,30870945,FALSE,49,1,0.571428571428571,Lifestyle_(sociology);Tourism
UCou_foVGi73d9ieCelFUSUQ,Megan Fox Unlocked,@meganfoxunlocked,175000,lifestyle,TRUE,TRUE,mostPopular,US,,853,37916318,FALSE,11,1,1,Lifestyle_(sociology);Food
UCpJlwAazmvuuuWC9PFTH-Ow,Peyton Maree Charles,@peytoncharles,168000,lifestyle,TRUE,TRUE,mostPopular,US,,616,47719737,FALSE,40,1,0.4,Lifestyle_(sociology)
UCTXClH9eLcYtCw0vIZlbsZA,HEY WANDERER,@heywanderer,159000,lifestyle,TRUE,TRUE,mostPopular,US,,447,22591264,FALSE,35,1,0.457142857142857,Hobby;Lifestyle_(sociology)
UCbk7poTBSh1x6aNg_IjLu9Q,Brogan Tate,@brogantatexo,155000,lifestyle,TRUE,TRUE,mostPopular,GB,,810,34464617,FALSE,16,1,0.0625,Tourism;Lifestyle_(sociology)
UCyZ4IStyXcaQwx7Xgl3TmWA,lana ♡,@lanaserenelife,154000,lifestyle,TRUE,TRUE,mostPopular,,,209,46758235,FALSE,10,1,0.2,Food;Lifestyle_(sociology)
UC7GzSMs8VXfzX-5d4myKY1Q,Iwana Cristal,@iwanacristal,146000,lifestyle,TRUE,TRUE,mostPopular,GB,,130,9401254,FALSE,49,1,0.0204081632653061,Lifestyle_(sociology)
UCVTnJGrFOUQR5yMv0dZDsDQ,livvy dimartino,@livvydimartino,143000,lifestyle,TRUE,TRUE,mostPopular,GB,,68,7933103,FALSE,39,1,0.0512820512820513,Fashion;Lifestyle_(sociology)
UCXwn4rXkR08M3HwXF_6w6Jg,Fearfully CREATED,@fearfullycreated,134000,lifestyle,TRUE,TRUE,mostPopular,,,638,44711679,FALSE,50,1,0.42,Lifestyle_(sociology);Hobby
UCIlyAci95ZDSr_rP1gYb2FA,Nicky and Harri,@nickyandharri,133000,lifestyle,TRUE,TRUE,mostPopular,GB,,201,14152268,FALSE,49,1,0.612244897959184,Lifestyle_(sociology);Hobby
UC3vywUwv6B-JB4jmdhZnX7A,Coach Carnivore Cam ,@coachcarnivorecam,132000,lifestyle,TRUE,TRUE,mostPopular,GB,,1363,53515005,FALSE,6,1,0.666666666666667,Health;Food;Lifestyle_(sociology)
UCLGPAu2_shn-Y9l5ULicOeg,Sydney May Crouch,@sydneymaycrouch,122000,lifestyle,TRUE,TRUE,mostPopular,,,285,15462860,FALSE,44,1,0.386363636363636,Fashion;Lifestyle_(sociology)
UCEuxVKSJXGDYjGznHM3_rMw,channonmooney,@channonmooney,118000,lifestyle,TRUE,TRUE,mostPopular,GB,,771,18683741,FALSE,47,1,0.212765957446809,Fashion;Lifestyle_(sociology)
UC3w9E1N7zukLxJ5bkrU4IKw,Freya Farrington,@freyafarrington,117000,lifestyle,TRUE,TRUE,mostPopular,GB,,1192,33092450,FALSE,43,1,0.372093023255814,Fashion;Lifestyle_(sociology);Hobby
UCrLkN-xbOAY5JPIjYTLQNrg,The Piggott Family,@thepiggottfamily,115000,lifestyle,TRUE,TRUE,mostPopular,GB,,361,41302804,FALSE,47,1,0.148936170212766,Lifestyle_(sociology)
UCGx1QtI_pZa8e0dr1Sq6hfQ,Holly Bennett,@hollybennettyt,107000,lifestyle,TRUE,TRUE,mostPopular,GB,,289,16674849,FALSE,50,1,0.04,Fashion;Lifestyle_(sociology);Food
UCgNg3vwj3xt7QOrcIDaHdFg,PolyMatter,@polymatter,1930000,science_education,TRUE,TRUE,seed,US,,188,240167678,FALSE,21,1,0.0476190476190476,Knowledge;Society;Politics
UCUcyEsEjhPEDf69RRVhRh4A,The Great War,@thegreatwar,1890000,science_education,TRUE,TRUE,seed,US,,797,366485234,FALSE,21,1,0.0476190476190476,Film;Society;Knowledge;Military;Entertainment
UCxzC4EngIsMrPmbm6Nxvb-A,Scott Manley,@scottmanley,1870000,science_education,TRUE,TRUE,seed,US,,3059,781592804,FALSE,31,1,0.193548387096774,Knowledge;Society
UC2avWDLN1EI3r1RZ_dlSxCw,Integza,@integza,1850000,science_education,TRUE,TRUE,seed,US,,272,427210102,FALSE,10,1,0.6,Lifestyle_(sociology);Hobby
UC1yNl2E66ZzKApQdRuTQ4tw,Sabine Hossenfelder,@sabinehossenfelder,1790000,science_education,TRUE,TRUE,seed,DE,,1228,385558926,FALSE,50,1,0.32,Knowledge;Society
UCkCGANrihzExmu9QiqZpPlQ,How Money Works,@howmoneyworks,1750000,science_education,TRUE,TRUE,seed,US,,327,301197932,FALSE,50,1,0.38,Knowledge;Society
UCqVEHtQoXHmUCfJ-9smpTSg,Answer in Progress,@answerinprogress,1690000,science_education,TRUE,TRUE,seed,CA,,146,115470937,FALSE,9,1,0.444444444444444,Lifestyle_(sociology)
UCwO-UgquohXwoe7f0e6lMnw,Invicta,@invictahistory,1670000,science_education,TRUE,TRUE,seed,US,,1510,337786700,FALSE,49,1,0.224489795918367,Military;Strategy_video_game;Knowledge;Video_game_culture;Role-playing_video_game
UC67gfx2Fg7K2NSHqoENVgwA,Tom Stanton,@tomstantonengineering,1560000,science_education,TRUE,TRUE,seed,GB,,155,211862135,FALSE,6,1,0.333333333333333,Technology;Lifestyle_(sociology);Hobby
UCXAS_Ekkq0iFJ9dSUIkcAkw,The Efficient Engineer,@theefficientengineer,1500000,science_education,TRUE,TRUE,seed,GB,,48,68207100,FALSE,12,1,0.166666666666667,Lifestyle_(sociology);Knowledge;Technology
UC0intLFzLaudFG-xAvUEO-A,Not Just Bikes,@notjustbikes,1470000,science_education,TRUE,TRUE,seed,NL,,160,213040744,FALSE,25,1,0.12,Lifestyle_(sociology)
UCpCSAcbqs-sjEVfk_hMfY9w,Zach Star,@zachstar,1410000,science_education,TRUE,TRUE,seed,US,en,274,156804463,FALSE,11,1,0.454545454545455,Knowledge
UCSju5G2aFaWMqn-_0YBtq5A,Stand-up Maths,@standupmaths,1360000,science_education,TRUE,TRUE,seed,GB,,320,193699822,FALSE,39,1,0.17948717948718,Knowledge;Lifestyle_(sociology)
UCASM0cgfkJxQ1ICmRilfHLw,Patrick Boyle,@pboyle,1350000,science_education,TRUE,TRUE,seed,US,,482,204966833,FALSE,50,1,0.46,Politics;Society;Knowledge
UCz2iUx-Imr6HgDC3zAFpjOw,David Bennett Music Theory,@davidbennettpiano,1320000,science_education,TRUE,TRUE,seed,GB,,572,227628681,FALSE,30,1,0.0666666666666667,Pop_music;Music;Rock_music
UCUyvQV2JsICeLZP4c_h40kA,Thomas Flight,@thomasflight,1310000,science_education,TRUE,TRUE,seed,,,167,163942064,FALSE,20,1,0.1,Lifestyle_(sociology);Film;Entertainment
UC726J5A0LLFRxQ0SZqr2mYQ,Curious Droid,@curiousdroid,1150000,science_education,TRUE,TRUE,seed,GB,,274,258175832,FALSE,26,1,0.461538461538462,Knowledge;Society;Lifestyle_(sociology)
UCpMcsdZf2KkAnfmxiq2MfMQ,Arvin Ash,@arvinash,1130000,science_education,TRUE,TRUE,seed,US,,445,126595975,FALSE,30,1,0.1,Knowledge
UCGHZpIpAWJQ-Jy_CeCdXhMA,Cool Worlds,@coolworldslab,1080000,science_education,TRUE,TRUE,seed,US,,273,115106929,FALSE,24,1,0.583333333333333,Knowledge
UC4a9LfdavRlVMaSSWFdIciA,RobWords,@robwords,1020000,science_education,TRUE,TRUE,seed,DE,,115,111571087,FALSE,30,1,0.0666666666666667,Knowledge;Lifestyle_(sociology)
UCH18915fTE6yZzKrqdea8RQ,Clint's Reptiles,@clintsreptiles,976000,science_education,TRUE,TRUE,seed,US,,623,167757549,FALSE,45,1,0.222222222222222,Lifestyle_(sociology)
UCILl8ozWuxnFYXIe2svjHhg,BPS.space,@bpsspace,888000,science_education,TRUE,TRUE,seed,US,,241,67173101,FALSE,14,1,0.571428571428571,Technology;Hobby;Lifestyle_(sociology)
UCYNbYGl89UUowy8oXkipC-Q,Dr. Becky,@drbecky,883000,science_education,TRUE,TRUE,seed,GB,,596,119409920,FALSE,13,1,0.153846153846154,Knowledge
UC5_Y-BKzq1uW_2rexWkUzlA,New Mind,@newmind,755000,science_education,TRUE,TRUE,seed,US,,92,59943979,FALSE,25,1,0.12,Technology;Lifestyle_(sociology);Knowledge;Vehicle
UCRRr_xrOm66qaigIbwFLvbQ,Simon Clark,@simonclark,748000,science_education,TRUE,TRUE,seed,GB,,723,113872905,FALSE,10,1,0.1,Knowledge;Society
UC5Dw9TFdbPJoTDMSiJdIQTA,Whatifalthist,@whatifalthist,735000,science_education,TRUE,TRUE,seed,US,,667,139919100,FALSE,22,1,0.272727272727273,Society;Knowledge
UCuVLG9pThvBABcYCm7pkNkA,Climate Town,@climatetown,722000,science_education,TRUE,TRUE,seed,US,,99,49854607,FALSE,13,1,0.384615384615385,Entertainment;Society;Politics
UCCKpicnIwBP3VPxBAZWDeNA,Money & Macro,@moneymacro,677000,science_education,TRUE,TRUE,seed,BE,,147,52401100,FALSE,50,1,0.16,Politics;Society;Knowledge
UCqBiWcuTF8IaLH7wBqnihsQ,toldinstone,@toldinstone,651000,science_education,TRUE,TRUE,seed,US,,252,107175491,FALSE,46,1,0.217391304347826,Knowledge;Lifestyle_(sociology)
UCr_Q-bPpcw5fJ-Oow1BW1NQ,Kraut,@kraut_the_parrot,602000,science_education,TRUE,TRUE,seed,AT,,64,58117660,FALSE,13,1,0.0769230769230769,Knowledge;Society;Politics
UCBNHHEoiSF8pcLgqLKVugOw,Marcus House,@marcushouse,589000,science_education,TRUE,TRUE,seed,AU,,504,164169645,FALSE,50,1,0.38,Technology;Knowledge;Lifestyle_(sociology)
UCfgtNfWCtsLKutY-BHzIb9Q,Ray Delahanty | CityNerd,@citynerd,416000,science_education,TRUE,TRUE,seed,US,,254,50740704,FALSE,50,1,0.08,Society
UChVUSXFzV8QCOKNWGfE56YQ,BriTheMathGuy,@brithemathguy,405000,science_education,TRUE,TRUE,seed,US,,703,66826669,FALSE,17,1,0.0588235294117647,Knowledge
UCeeFfhMcJa1kjtfZAGskOCA,TechLinked,@techlinked,1980000,tech,TRUE,TRUE,seed,CA,,1368,678980018,FALSE,45,1,0.4,Lifestyle_(sociology);Technology
UCTzLRZUgelatKZ4nyIKcAbg,Hardware Canucks,@hardwarecanucks,1910000,tech,TRUE,TRUE,seed,CA,,2442,579324079,FALSE,45,1,0.288888888888889,Technology;Lifestyle_(sociology)
UCLx053rWZxCiYWsBETgdKrQ,LGR,@lgr,1820000,tech,TRUE,TRUE,seed,US,,1294,615068084,FALSE,50,1,0.06,Technology;Lifestyle_(sociology);Video_game_culture
UCzlXf-yUIaOpOjEjPrOO9TA,The Tech Chap,@thetechchap,1650000,tech,TRUE,TRUE,seed,GB,,1351,503418154,FALSE,21,1,0.238095238095238,Technology;Lifestyle_(sociology)
UCvWWf-LYjaujE50iYai8WgQ,Paul's Hardware,@paulshardware,1560000,tech,TRUE,TRUE,seed,US,,1964,312239980,FALSE,34,1,0.176470588235294,Lifestyle_(sociology);Technology;Video_game_culture
UC5I2hjZYiW9gZPVkvzM8_Cw,Techmoan,@techmoan,1470000,tech,TRUE,TRUE,seed,GB,,735,371981073,FALSE,50,1,0.04,Technology;Lifestyle_(sociology)
UCpZy-Hfqcxf-R7nQzlv9Bvw,Brandon Butch,@brandonbutch,1440000,tech,TRUE,TRUE,seed,US,,1997,538056223,FALSE,37,1,0.108108108108108,Lifestyle_(sociology);Technology
UCZgt6AzoyjslHTC9dz0UoTw,ByteByteGo,@bytebytego,1430000,tech,TRUE,TRUE,seed,,,170,67015761,FALSE,31,1,0.032258064516129,Lifestyle_(sociology);Technology;Knowledge
UCT6AJiTYspOILBK3hMWEq2g,Switch and Click,@switchandclickofficial,1410000,tech,TRUE,TRUE,mostPopular,US,,1069,291442350,FALSE,14,1,1,Lifestyle_(sociology);Technology;Video_game_culture
UC_0CVCfC_3iuHqmyClu59Uw,ETA PRIME,@etaprime,1400000,tech,TRUE,TRUE,seed,US,,3269,569166266,FALSE,45,1,0.0666666666666667,Video_game_culture;Technology;Lifestyle_(sociology)
UChKVhjGmPAu7eWa2ITDd50w,Konstantin,@konfilms,1380000,tech,TRUE,TRUE,mostPopular,GB,,406,128580671,FALSE,47,1,0.0851063829787234,Technology;Lifestyle_(sociology)
UCSOpcUkE-is7u7c4AkLgqTw,MrMobile [Michael Fisher],@themrmobile,1280000,tech,TRUE,TRUE,seed,US,,648,263032037,FALSE,50,1,0.8,Technology;Lifestyle_(sociology)
UCUyeluBRhGPCW4rPe_UvBZQ,The PrimeTime,@theprimetimeagen,1170000,tech,TRUE,TRUE,seed,US,,2214,443205206,FALSE,24,1,0.0833333333333333,Knowledge;Technology;Entertainment;Video_game_culture;Lifestyle_(sociology)
UCtM5z2gkrGRuWd0JQMx76qA,bigclivedotcom,@bigclivedotcom,1130000,tech,TRUE,TRUE,seed,GB,,2940,404691006,FALSE,46,1,0.282608695652174,Technology;Lifestyle_(sociology)
UCR-DXc1voovS8nhAvccRZhg,Jeff Geerling,@jeffgeerling,1090000,tech,TRUE,TRUE,seed,US,,581,215173958,FALSE,49,1,0.0204081632653061,Technology;Lifestyle_(sociology)
UChpleBmo18P08aKCIgti38g,Matt Wolfe,@mreflow,1020000,tech,TRUE,TRUE,seed,US,,801,80897428,FALSE,18,1,0.0555555555555556,Technology;Lifestyle_(sociology)
UC2DjFE7Xf11URZqWBigcVOQ,EEVblog,@eevblog,1010000,tech,TRUE,TRUE,seed,US,,2166,223524063,FALSE,44,1,0.0454545454545455,Lifestyle_(sociology);Technology
UCr613nJgA50o8DUUT00qHvw,WULFF DEN,@wulffden,988000,tech,TRUE,TRUE,mostPopular,US,,1709,251498614,FALSE,37,1,0.45945945945946,Technology;Video_game_culture;Lifestyle_(sociology)
UCq62rsLFmZ5QxJ-xjhRqgFg,Vermax,@vermax,955000,tech,TRUE,TRUE,mostPopular,US,,1682,295142363,FALSE,14,1,0.0714285714285714,Video_game_culture;Technology;Lifestyle_(sociology)
UClcE-kVhqyiHCcjYwcpfj9w,LiveOverflow,@liveoverflow,946000,tech,TRUE,TRUE,seed,US,,459,67632396,FALSE,13,1,0.0769230769230769,Lifestyle_(sociology);Video_game_culture;Technology;Role-playing_video_game
UCoZQiN0o7f36H7PaW4fVhFw,Retro Game Corps,@retrogamecorps,864000,tech,TRUE,TRUE,seed,US,,948,200958724,FALSE,50,1,0.1,Lifestyle_(sociology);Technology;Video_game_culture
UCz6PEeVLG1TL6jMRTvSLm4g,Matt Talks Tech,@matttalktech,818000,tech,TRUE,TRUE,mostPopular,GB,,1767,134713765,FALSE,47,1,0.0212765957446809,Lifestyle_(sociology);Technology
UCtZO3K2p8mqFwiKWb9k7fXA,TechAltar,@techaltar,806000,tech,TRUE,TRUE,seed,DE,,259,104576521,FALSE,26,1,0.115384615384615,Technology;Lifestyle_(sociology)
UCg6gPGh8HU2U01vaFCAsvmQ,Chris Titus Tech,@christitustech,780000,tech,TRUE,TRUE,seed,US,,730,115113292,FALSE,48,1,0.104166666666667,Lifestyle_(sociology);Technology
UCvcRA2Hva1lULVf4GCouH8w,Dawid Does Tech Stuff,@dawiddoestechstuff,771000,tech,TRUE,TRUE,seed,CA,,770,232296249,FALSE,41,1,0.536585365853659,Video_game_culture;Technology;Lifestyle_(sociology)
UCIgnGlGkVRhd4qNFcEwLL4A,AI Search,@theaisearch,751000,tech,TRUE,TRUE,mostPopular,HK,,489,71950581,FALSE,50,1,0.04,Lifestyle_(sociology);Technology;Knowledge
UCqxM9T6ksiOVKIkb88S2r7Q,Zac Builds,@zacbuilds,727000,tech,TRUE,TRUE,mostPopular,CA,,142,116207034,FALSE,19,1,0.315789473684211,Hobby;Lifestyle_(sociology);Technology;Video_game_culture
UCf-z09Umbl8I21CwMpTLoyQ,Jacob R,@jrob0021,725000,tech,TRUE,TRUE,mostPopular,US,,952,258645170,FALSE,49,1,0.0612244897959184,Video_game_culture;Technology;Lifestyle_(sociology)
UCSbdMXOI_3HGiFviLZO6kNA,ThrillSeeker,@thrillseekervr,720000,tech,TRUE,TRUE,mostPopular,US,,286,139372314,FALSE,11,1,0.454545454545455,Action_game;Video_game_culture;Action-adventure_game
UCbAvigM5RD9nydJQUqKDdbA,DanKamYouKnow,@dankamyouknow,675000,tech,TRUE,TRUE,mostPopular,US,,427,288135410,FALSE,8,1,0.125,Video_game_culture;Technology;Lifestyle_(sociology)
UCaFGDBmGK_jw66u3av2Ysjw,MacRumors,@macrumors,658000,tech,TRUE,TRUE,mostPopular,US,,1800,222073427,FALSE,47,1,0.127659574468085,Lifestyle_(sociology);Technology
UCawZsQWqfGSbCI5yjkdVkTA,Matthew Berman,@matthew_berman,638000,tech,TRUE,TRUE,mostPopular,US,,1161,93714988,FALSE,18,1,0.111111111111111,Knowledge;Technology;Lifestyle_(sociology)
UCS-WzPVpAAli-1IfEG2lN8A,Michael MJD,@michaelmjd,630000,tech,TRUE,TRUE,mostPopular,US,,838,190522023,FALSE,50,1,0.6,Video_game_culture;Technology;Lifestyle_(sociology)
UC_1awbvccFZOnVRjAIkCG7Q,Sam Beckman,@sambeckman,627000,tech,TRUE,TRUE,seed,AU,,724,100735910,FALSE,18,1,0.166666666666667,Lifestyle_(sociology);Technology
UC9Tn-atYOt8qZP-oqui7bhw,Tech YES City,@techyescity,626000,tech,TRUE,TRUE,seed,AU,,2091,171717912,FALSE,47,1,0.25531914893617,Video_game_culture;Technology;Lifestyle_(sociology)
UC2VrA-oteANZQ07TquwBvAQ,AppleTrack,@appletrack,598000,tech,TRUE,TRUE,mostPopular,US,en,2142,214929368,FALSE,14,1,1,Technology;Lifestyle_(sociology)
UCbRP3c757lWg9M-U7TyEkXA,Theo - t3․gg,@t3dotgg,570000,tech,TRUE,TRUE,seed,US,,1172,119785398,FALSE,35,1,0.2,Knowledge;Technology;Lifestyle_(sociology)
UCajiMK_CY9icRhLepS8_3ug,Alex Ziskind,@azisk,570000,tech,TRUE,TRUE,mostPopular,US,,1214,125105523,FALSE,23,1,0.304347826086957,Technology;Lifestyle_(sociology)
UCmeU2DYiVy80wMBGZzEWnbw,Paul J Lipsky,@pauljlipsky,507000,tech,TRUE,TRUE,mostPopular,US,,1130,66287788,FALSE,50,1,0.58,Technology;Lifestyle_(sociology)
UCKJgBJcJkc0Q4kZeGIyNTYA,ThisIsE,@thisise,491000,tech,TRUE,TRUE,mostPopular,US,,556,100753760,FALSE,27,1,0.333333333333333,Lifestyle_(sociology);Technology
UCgdTVe88YVSrOZ9qKumhULQ,Hardware Haven,@hardwarehaven,485000,tech,TRUE,TRUE,seed,US,,208,70409435,FALSE,50,1,0.2,Lifestyle_(sociology);Technology
UCNJ1Ymd5yFuUPtn21xtRbbw,AI Explained,@aiexplained-official,453000,tech,TRUE,TRUE,seed,GB,,161,22743849,FALSE,50,1,0.04,Knowledge;Technology;Society;Lifestyle_(sociology)
UCSuHzQ3GrHSzoBbwrIq3LLA,Naomi Brockwell TV,@naomibrockwelltv,453000,tech,TRUE,TRUE,seed,US,,704,34045058,FALSE,38,1,0.0263157894736842,""
UCx6cailiCkg_mlMM7JX5yfA,James Channel,@games_for_james,443000,tech,TRUE,TRUE,mostPopular,AU,,88,60177859,FALSE,45,1,1,Technology;Lifestyle_(sociology);Video_game_culture
UC5UAwBUum7CPN5buc-_N1Fw,The Linux Experiment,@thelinuxexp,431000,tech,TRUE,TRUE,seed,US,,1650,84344473,FALSE,50,1,0.02,Lifestyle_(sociology);Technology
UCoi3Uk6JtP9QgA5BRwnh6NQ,GregsGadgets,@gregsgadgets,419000,tech,TRUE,TRUE,mostPopular,US,,1049,137932706,FALSE,31,1,0.225806451612903,Technology;Lifestyle_(sociology)
UCHkYOD-3fZbuGhwsADBd9ZQ,Lawrence Systems,@lawrencesystems,406000,tech,TRUE,TRUE,seed,US,,1891,71317050,FALSE,45,1,0.0888888888888889,Lifestyle_(sociology);Technology
UCp3yVOm6A55nx65STpm3tXQ,Craft Computing,@craftcomputing,380000,tech,TRUE,TRUE,seed,US,,982,48350806,FALSE,50,1,0.4,Lifestyle_(sociology);Technology
UC-mfn4ibOC5ewLcpmgl0C4g,Michael Girdley,@michael-girdley,370000,tech,TRUE,TRUE,mostPopular,US,,558,73009628,FALSE,30,1,0.366666666666667,Food;Society;Lifestyle_(sociology);Knowledge
UCVhQ2NnY5Rskt6UjCUkJ_DA,ArjanCodes,@arjancodes,343000,tech,TRUE,TRUE,seed,NL,,570,31067207,FALSE,50,1,0.06,Knowledge;Technology;Lifestyle_(sociology)
UCOk-gHyjcWZNj3Br4oxwh0A,Techno Tim,@technotim,337000,tech,TRUE,TRUE,seed,US,,310,43047116,FALSE,29,1,0.103448275862069,Lifestyle_(sociology);Technology
UCqcbQf6yw5KzRoDDcZ_wBSw,Wes Roth,@wesroth,329000,tech,TRUE,TRUE,seed,US,,872,64970564,FALSE,50,1,0.12,Lifestyle_(sociology);Technology;Society
UCsnGwSIHyoYN0kiINAGUKxg,Wolfgang's Channel,@wolfgangschannel,323000,tech,TRUE,TRUE,seed,DE,,101,31349826,FALSE,6,1,0.5,Lifestyle_(sociology);Technology
UC-kDX_ZvjzY_GECcKmJ9FPA,Jon Bringus,@jonbringus,312000,tech,TRUE,TRUE,mostPopular,US,,44,25916229,FALSE,25,1,0.16,Video_game_culture;Lifestyle_(sociology);Technology
UCoJP9pYqZjiJOlR4UWdPhow,PetaPixel,@petapixel,300000,tech,TRUE,TRUE,mostPopular,US,,538,55274404,FALSE,46,1,0.173913043478261,Hobby;Lifestyle_(sociology);Technology
UCgd5-BWtbgOw5Hx2wP3qxzg,Cyb3rMaddy,@cyb3rmaddy,300000,tech,TRUE,TRUE,mostPopular,,,159,12588666,FALSE,43,1,0.116279069767442,Lifestyle_(sociology);Technology
UCuQT7Vc3OjjZuGkqehNxb6w,Enrico Tartarotti,@enricotartarotti,254000,tech,TRUE,TRUE,mostPopular,US,,110,16697013,FALSE,28,1,0.214285714285714,Technology;Lifestyle_(sociology)
UC2WmuBuFq6gL08QYG-JjXKw,WorldofAI,@intheworldofai,242000,tech,TRUE,TRUE,mostPopular,CA,,1242,31606352,FALSE,50,1,0.1,Knowledge;Technology;Lifestyle_(sociology)
UCRPdsCVuH53rcbTcEkuY4uQ,Moore's Law Is Dead,@mooreslawisdead,240000,tech,TRUE,TRUE,seed,,en,1309,77249227,FALSE,20,1,1,Video_game_culture;Technology;Lifestyle_(sociology)
UCEbFX3P9ADiJvle5Z0Qyw2A,Becca Farsace,@beccafarsace,212000,tech,TRUE,TRUE,mostPopular,US,,104,18756221,FALSE,35,1,0.342857142857143,Hobby;Lifestyle_(sociology);Technology
UCWQaM7SpSECp9FELz-cHzuQ,Dreams of Code,@dreamsofcode,211000,tech,TRUE,TRUE,seed,US,,121,15921447,FALSE,37,1,0.72972972972973,Knowledge;Technology;Lifestyle_(sociology)
UCnwpoPZccONJDGwczi3B2DA,GivemChills,@givemchills,174000,tech,TRUE,TRUE,mostPopular,US,,1255,101387327,FALSE,7,1,0.428571428571429,Lifestyle_(sociology);Technology;Video_game_culture
UC5rMneyhrBKrNuzJQkRy0uw,Tyriel Wood - VR Tech,@tyrielwood,140000,tech,TRUE,TRUE,mostPopular,IT,,687,53636779,FALSE,50,1,0.16,Lifestyle_(sociology);Technology;Video_game_culture
UCld68syR8Wi-GY_n4CaoJGA,Brodie Robertson,@brodierobertson,125000,tech,TRUE,TRUE,seed,AU,,2395,52951155,FALSE,38,1,0.0263157894736842,Lifestyle_(sociology);Technology
UCPiMR-Ize9p3dgjzZ8bo9ZQ,The Tech Report,@thetechreporttr,123000,tech,TRUE,TRUE,mostPopular,GB,,365,28181554,FALSE,39,1,0.0256410256410256,Knowledge;Technology;Society;Lifestyle_(sociology)
UCMPtzN8fnhHLpihCT1QvFZw,cam shand,@camshand,104000,tech,TRUE,TRUE,mostPopular,AU,,206,14387921,FALSE,27,1,0.518518518518519,Lifestyle_(sociology);Technology;Hobby
UC4JCksJF76g_MdzPVBJoC3Q,ARY Digital HD,@arydigitalasia,68600000,commentary,FALSE,FALSE,mostPopular,PK,,245439,78898546648,FALSE,,,,Film;Entertainment;Television_program
UClR74BSOFXxMOKtuaaPu91Q,Younes Zarou,@youneszarou,27600000,commentary,FALSE,FALSE,mostPopular,DE,,2364,24256063131,FALSE,,,,Entertainment;Lifestyle_(sociology)
UCa6vGFO9ty8v5KZJXQxdhaw,Jimmy Kimmel Live,@jimmykimmellive,22300000,commentary,FALSE,FALSE,mostPopular,US,,8137,15795789605,FALSE,,,,Film;Television_program;Entertainment
UCKmmERguliWTynG9OIoDhDw,Law By Mike,@lawbymike,19700000,commentary,FALSE,FALSE,mostPopular,US,,1559,19813161220,FALSE,,,,Entertainment;Knowledge
UCF2ltLX1dnPa6-L1paPaMzw,Green TV Entertainment,@greenentertainmenttv,15800000,commentary,FALSE,FALSE,mostPopular,PK,,161686,12434868787,FALSE,,,,Entertainment;Film;Television_program
UCCj956IF62FbT7Gouszaj9w,BBC,@bbc,15600000,commentary,FALSE,FALSE,mostPopular,GB,,32697,12892968784,FALSE,,,,Television_program;Entertainment;Film
UC0QHWhjbe5fGJEPz3sVb6nw,Doctor Mike,@doctormike,15100000,commentary,FALSE,FALSE,mostPopular,US,en,1283,5717964129,FALSE,,,,Lifestyle_(sociology);Society;Health;Entertainment
UCwWhs_6x42TyRM4Wstoq8HA,The Daily Show,@thedailyshow,14000000,commentary,FALSE,FALSE,mostPopular,US,,9303,9860119497,FALSE,,,,Politics;Television_program;Society;Film;Entertainment
UCr2RPX6bUMaO68UKWYLvt8g,yoangelolo,@yoangelolo,13900000,commentary,FALSE,FALSE,mostPopular,US,,2958,11478053368,FALSE,,,,Lifestyle_(sociology);Entertainment
UCZ7HzTBmljSCMBNRoNgHuJA,Jessica Kaylee,@thejessicakaylee,12700000,commentary,FALSE,FALSE,mostPopular,US,,2472,12512316153,FALSE,,,,Film;Entertainment;Lifestyle_(sociology)
UCHr43HOeO7WHmwQ_sij6ezQ,Nathan Kessel,@kessel_nathan,11300000,commentary,FALSE,FALSE,mostPopular,,,2925,15213794733,FALSE,,,,Entertainment;Lifestyle_(sociology);Pet
UCdVcQc_gdaXhlFx3UvG8pjA,Onevilage,@onevilage,10100000,commentary,FALSE,FALSE,mostPopular,US,,9639,17779586853,FALSE,,,,Entertainment
UC1EALOoYjviTgAakJ-phJFg,Tyler Vitelli,@tyler.vitelli,9120000,commentary,FALSE,FALSE,mostPopular,US,,2211,13508175495,FALSE,,,,Entertainment
UCK9W7NdqqOPvbdIoENIW9Ww,Asher Lara,@asherlara,8900000,commentary,FALSE,FALSE,mostPopular,US,,2321,4898940547,FALSE,,,,Entertainment;Lifestyle_(sociology)
UCmGSJVG3mCRXVOP4yZrU1Dw,Johnny Harris,@johnnyharris,7970000,commentary,FALSE,FALSE,seed,US,,537,1262881038,FALSE,,,,Politics;Society;Knowledge
UCaPu3LJBU5w_ghFUMeko-nA,Sean Andrew,@seanandreww,7450000,commentary,FALSE,FALSE,mostPopular,US,,645,9144420885,FALSE,,,,Lifestyle_(sociology);Entertainment
UCJN8qUaNK6M6WG-Kz5SjI9A,The Johnson Brothers,@thejohnsonbrothers,7010000,commentary,FALSE,FALSE,mostPopular,US,,519,4932858104,FALSE,,,,Film;Entertainment
UCkoujZQZatbqy4KGcgjpVxQ,Shawn Ryan Show,@shawnryanshow,6600000,commentary,FALSE,FALSE,mostPopular,US,,3624,3146168510,FALSE,,,,Military;Entertainment;Society;Religion
UCIFk2uvCNcEmZ77g0ESKLcQ,The Why Files,@thewhyfiles,5990000,commentary,FALSE,FALSE,seed,US,,521,1289474728,FALSE,,,,Society;Entertainment
UCA988H0Mf_UHzh7PRt1m7Kg,MR. PRINXE,@kashyapx7,5610000,commentary,FALSE,FALSE,mostPopular,IN,,732,2006402681,FALSE,,,,Lifestyle_(sociology)
UCTvoH4HIsLhXolB32NYYJ0A,IBella,@ibella,5580000,commentary,FALSE,FALSE,mostPopular,US,en,1847,2168838037,FALSE,,,,Action_game;Video_game_culture;Role-playing_video_game
UCZbWCodPFwH2QQn772QnUxQ,Fire Department Chronicles,@firedepartmentchronicles,5560000,commentary,FALSE,FALSE,mostPopular,US,,576,5939466974,FALSE,,,,Health;Entertainment;Film;Lifestyle_(sociology)
UCHCwb6dKt4534vxX3F9OHKQ,nobrainjames,@nobrainjames,5410000,commentary,FALSE,FALSE,mostPopular,,,585,4169027062,FALSE,,,,Action-adventure_game;Video_game_culture;Role-playing_video_game;Action_game
UCwOG5KgfwSaCsKDAN7jid3g,MILANAROLLER,@milanaroller,5220000,commentary,FALSE,FALSE,mostPopular,,,9037,5622822027,FALSE,,,,Technology;Lifestyle_(sociology);Entertainment
UCo9ZZ04kIhN_8xGxvnjaduQ,Stephanie Soo,@stephaniesoo,5180000,commentary,FALSE,FALSE,seed,US,,377,666580820,FALSE,,,,Entertainment;Lifestyle_(sociology)
UCiSykHvb83qqw6JqaHuWXRA,The Smily Fam,@thesmilyfam,4940000,commentary,FALSE,FALSE,mostPopular,US,,8038,15580475177,FALSE,,,,Entertainment;Lifestyle_(sociology)
UCN5xN8gIljvWYnsj06V8WbQ,Pyrocynical,@pyrocynical,4750000,commentary,FALSE,FALSE,seed,,,679,1598495651,FALSE,,,,Action-adventure_game;Video_game_culture;Role-playing_video_game;Entertainment;Action_game
UCWZp4y1jqBuvLtiyxSs_ZBw,Big guy,@bigmanschlatt,4390000,commentary,FALSE,FALSE,mostPopular,US,,1473,8771552789,FALSE,,,,Film;Entertainment;Humour
UCwQOKgQ-2k4Ar7QFcF0EcTg,Michael Storen,@michaelstoren.,4350000,commentary,FALSE,FALSE,mostPopular,,,3493,5265249557,FALSE,,,,Entertainment
UCdyMFblTjr-C2N-T5TGftQQ,Nathan Doan Comedy,@nathandoancomedy,4150000,commentary,FALSE,FALSE,mostPopular,US,,348,1374357663,FALSE,,,,Film;Entertainment;Video_game_culture
UCpFFItkfZz1qz5PpHpqzYBw,Nexpo,@nexpo,3990000,commentary,FALSE,FALSE,seed,US,,135,438844600,FALSE,,,,Technology;Society;Lifestyle_(sociology)
UCLe_q9axMaeTbjN0hy1Z9xA,Caleb Hammer,@calebhammer,3910000,commentary,FALSE,FALSE,mostPopular,US,,4934,4554984053,FALSE,,,,Knowledge;Entertainment;Society
UCtMVHI3AJD4Qk4hcbZnI9ZQ,SomeOrdinaryGamers,@someordinarygamers,3820000,commentary,FALSE,FALSE,seed,CA,,3858,1476420077,FALSE,,,,Technology;Video_game_culture;Society;Lifestyle_(sociology)
UC7wvDM9avjylOCiZ7--b60Q,Clashed PR,@clashedpr,3820000,commentary,FALSE,FALSE,mostPopular,,,1498,4505016745,FALSE,,,,Television_program;Entertainment;Film
UCyQ-DUV6lZgoL8wiPusYiUg,Amelia Dimoldenberg,@ameliadimoldenberg,3450000,commentary,FALSE,FALSE,mostPopular,GB,,540,1144328292,FALSE,,,,Lifestyle_(sociology);Entertainment
UC-Ya-c4FvAHnf2-NgzYPZUw,Satoshi Stories,@satoshi.stories,3290000,commentary,FALSE,FALSE,mostPopular,US,,1754,1578110696,FALSE,,,,Lifestyle_(sociology);Entertainment
UCLjBCYil92x3SYtHrvr3Pew,George Janko,@georgejanko,3130000,commentary,FALSE,FALSE,mostPopular,US,,1942,585309626,FALSE,,,,Lifestyle_(sociology);Entertainment;Religion;Society
UCUKpLWyiksDzWN-e52uDAjg,OtakuKart,@otakukart-network,3090000,commentary,FALSE,FALSE,mostPopular,PH,,4348,3567001315,FALSE,,,,Entertainment;Film
UC86H9UygCqYBlCfS9wqk4DQ,Godfrey Twins,@godfreytwins,2940000,commentary,FALSE,FALSE,mostPopular,,,1466,6080437389,FALSE,,,,Lifestyle_(sociology);Entertainment;Food
UCrlzgjrKUa3AlrfSZTBG2fg,Plan3,@plan3,2920000,commentary,FALSE,FALSE,mostPopular,KR,,272,1690830484,FALSE,,,,Lifestyle_(sociology);Film;Entertainment
UCT_QEGH0myu6lgbE_biQPuw,Drew Talbert,@drewtalbert,2760000,commentary,FALSE,FALSE,mostPopular,US,,875,4483073875,FALSE,,,,Film;Entertainment
UCl2mFZoRqjw_ELax4Yisf6w,Louis Rossmann,@rossmanngroup,2640000,commentary,FALSE,FALSE,seed,US,,4358,673939785,FALSE,,,,Society
UCSJPFQdZwrOutnmSFYtbstA,The Critical Drinker,@thecriticaldrinker,2510000,commentary,FALSE,FALSE,seed,GB,,732,1089528782,FALSE,,,,Film;Entertainment
UC0ts7Wbbn24bo8TaRuu1Xig,Makeshift Project,@makeshift_project,2450000,commentary,FALSE,FALSE,mostPopular,,,7917,5662341281,FALSE,,,,Entertainment
UCL8h3ri2WN_-IbviBlWtUcQ,CinemaWins,@cinemawins,2350000,commentary,FALSE,FALSE,seed,US,,433,739155071,FALSE,,,,Entertainment;Film
UCK2WCrRlxqXXKS710sRZHDQ,BlobbyClips,@blobbyclips,2350000,commentary,FALSE,FALSE,mostPopular,CA,,1586,6415852696,FALSE,,,,Video_game_culture;Film;Entertainment
UCx1rCf63MdNLLEQG8bqeJHA,More Niko,@moreniko,2290000,commentary,FALSE,FALSE,mostPopular,GB,,2074,4835547364,FALSE,,,,Entertainment;Film
UCuo9VyowIT-ljA5G2ZuC6Yw,Eddy Burback,@eddyburback,2270000,commentary,FALSE,FALSE,seed,,,88,197045361,FALSE,,,,Lifestyle_(sociology);Entertainment;Film
UCdFGdIh0CZa_oF8MJAowsEw,Akaash Singh,@akaashsinghcomedy,2210000,commentary,FALSE,FALSE,mostPopular,,,701,2449366955,FALSE,,,,Film;Entertainment;Humour
UCVo63lbKHjC04KqYhwSZ_Pg,Defunctland,@defunctland,2200000,commentary,FALSE,FALSE,seed,US,,163,270112684,FALSE,,,,Tourism;Film;Entertainment;Television_program;Lifestyle_(sociology);Knowledge
UCf9BO33b-MnIxB5y0azrxmg,Jimmy Carr,@jimmycarr,2190000,commentary,FALSE,FALSE,mostPopular,,,3248,1464167776,FALSE,,,,Film;Entertainment;Television_program
UCi5iiEyLwSLvlqnMi02u5gQ,Caitlin Doughty,@askamortician,2120000,commentary,FALSE,FALSE,seed,,,284,301558179,FALSE,,,,Knowledge;Society;Lifestyle_(sociology)
UCtQ_9aZaGvAaCeeVXLh2qnQ,Milo,@milosworldus,2110000,commentary,FALSE,FALSE,mostPopular,,,221,1262052445,FALSE,,,,Video_game_culture;Entertainment;Humour
UCO7dBj4bwaDOMoX-kKYF2Ww,Atozy,@atozy,2060000,commentary,FALSE,FALSE,seed,US,,1961,823267564,FALSE,,,,Television_program;Entertainment;Society
UCzqHFULLurtbHiqgULnaRQg,MrUnknown,@mrunknownxd,2060000,commentary,FALSE,FALSE,mostPopular,,,1257,4099916846,FALSE,,,,Entertainment;Video_game_culture
UCPBHJi0-4XJwvtFiGFt5k9A,Punkey Doodles,@punkeydoodles8,1990000,commentary,FALSE,FALSE,mostPopular,CA,,655,2725840128,FALSE,1,1,0,Entertainment;Film
UCDkmcNlFGPOKB1jRgoBhbeA,Sticki Rolls,@stickirolls,1960000,commentary,FALSE,FALSE,mostPopular,US,,1052,1576863798,FALSE,0,,0,Hobby;Lifestyle_(sociology)
UCeogOLhewThX2lh8cPe2IWg,Matt Storer,@mattstorerhere,1940000,commentary,FALSE,FALSE,mostPopular,AU,,301,2866057073,FALSE,1,1,0,Film;Entertainment
UCJm2TgUqtK1_NLBrjNQ1P-w,Second Thought,@secondthought,1920000,commentary,FALSE,FALSE,seed,US,,431,214325809,FALSE,45,1,0,Society;Politics
UC2RnpTR1h4qs0a6-lqJfPhQ,hyoga.x,@hyoga.official,1920000,commentary,FALSE,FALSE,mostPopular,,,213,2699544310,FALSE,1,1,1,Lifestyle_(sociology);Entertainment;Film
UCj7ADiT-RzESYpAd90OeEKA,DarrenLevyOfficial,@darrenlevy,1920000,commentary,FALSE,FALSE,mostPopular,AU,,545,1133845656,FALSE,6,1,0,Film;Humour;Entertainment;Lifestyle_(sociology)
UCiw3ocywxXvFGk8bp5Dq3Jw,The Outliners ,@theoutliners.,1920000,commentary,FALSE,FALSE,mostPopular,US,,1046,3685447115,FALSE,0,,0,Entertainment;Lifestyle_(sociology)
UCNvsIonJdJ5E4EXMa65VYpA,ContraPoints,@contrapoints,1910000,commentary,FALSE,FALSE,seed,US,,36,120890169,FALSE,2,1,0,Society
UCMn-zv1SE-2y6vyewscfFqw,CrackerMilk,@crackermilk,1890000,commentary,FALSE,FALSE,mostPopular,AU,,1627,2123947730,FALSE,13,1,0,Film;Entertainment;Lifestyle_(sociology)
UClt01z1wHHT7c5lKcU8pxRQ,hbomberguy,@hbomberguy,1880000,commentary,FALSE,FALSE,seed,GB,,69,291383778,FALSE,0,,0,Action-adventure_game;Role-playing_video_game;Video_game_culture;Action_game;Society;Entertainment
UCQPZp-l6V9hkpFAc9YqoRNQ,Fun Craft 🥇,@funcraftcc,1870000,commentary,FALSE,FALSE,mostPopular,US,,33,11649179,FALSE,0,,0,Film;Entertainment;Humour
UCneM4DHHUWMVwmYktz8X46g,Bimbo Ademoye TV,@bimboademoyetv,1820000,commentary,FALSE,FALSE,mostPopular,,,118,257541141,FALSE,10,1,0,Humour;Television_program;Entertainment;Film
UC1Ax24VdEPbE5p5__EfAX-A,Teacher Tommy T,@teachertommyt,1760000,commentary,FALSE,FALSE,mostPopular,GB,,1189,1838143559,FALSE,4,1,0,Entertainment;Film
UC8RHY3Hld1gcR06q7Jf5U0g,Yinrun's World,@yinrun_hello,1760000,commentary,FALSE,FALSE,mostPopular,GB,,622,2126798269,FALSE,0,,0,Food;Lifestyle_(sociology);Entertainment
UCrKyDViaxVNmVjtTHAbrUvg,Rock Movie,@rockmovie777,1730000,commentary,FALSE,FALSE,mostPopular,US,,132,630678111,FALSE,0,,0,Television_program;Entertainment;Film
UCabt-wt5e4qz-nWwpFREIiQ,Kirra Lee,@leekirra,1730000,commentary,FALSE,FALSE,mostPopular,,,6278,5260798035,FALSE,0,,0,Entertainment;Lifestyle_(sociology)
UCYh931jrUVrrISOGV1qyVtw,Lisi Shops,@lisi.shopsyoutube,1680000,commentary,FALSE,FALSE,mostPopular,,,3364,1831273848,FALSE,1,1,0,Lifestyle_(sociology)
UC2PA-AKmVpU6NKCGtZq_rKQ,Philosophy Tube,@philosophytube,1670000,commentary,FALSE,FALSE,seed,,,394,133578886,FALSE,14,1,0,Lifestyle_(sociology);Entertainment;Knowledge
UCHTM9IknXs4ZHzwHqDjakoQ,D'Angelo Wallace,@dangelowallace,1660000,commentary,FALSE,FALSE,seed,US,,126,137476753,FALSE,0,,0,Film;Entertainment;Society
UCrTNhL_yO3tPTdQ5XgmmWjA,RedLetterMedia,@redlettermedia,1620000,commentary,FALSE,FALSE,seed,US,,928,1386911296,FALSE,49,1,0,Entertainment;Film
UCRa3vKZ7BG0Dcv4t_add-KQ,Michael Blaustein,@blaucomedy,1610000,commentary,FALSE,FALSE,mostPopular,,,750,1217154864,FALSE,8,1,0,Performing_arts;Entertainment;Film
UCIQL3UGFb5HgTRmF-VUJF5w,RawPapersOfficial,@rawpapersofficial,1510000,commentary,FALSE,FALSE,mostPopular,US,,394,638648423,FALSE,0,,0,Lifestyle_(sociology);Entertainment
UC8-blN9SEJSlmYIr-TJAvJw,Berhanu Dallas,@b.dallas,1430000,commentary,FALSE,FALSE,mostPopular,,,121,931217932,FALSE,2,1,0,Film;Entertainment;Humour
UCEiJQ6Uohu1mUHMIoCiOlPw,Gary Owen,@garyowencom,1420000,commentary,FALSE,FALSE,mostPopular,US,,2990,831707567,FALSE,21,1,0,Entertainment;Film
UC7-E5xhZBZdW-8d7V80mzfg,Jenny Nicholson,@jennynicholson,1390000,commentary,FALSE,FALSE,seed,,,113,227503344,FALSE,1,1,0,Film;Lifestyle_(sociology);Entertainment
UCzOpgXwa2VobXyee7B2htGg,Elie Magic,@eliemagic,1390000,commentary,FALSE,FALSE,mostPopular,US,,1227,926471278,FALSE,2,1,0,Lifestyle_(sociology);Entertainment;Film
UC9PIn6-XuRKZ5HmYeu46AIw,Barely Sociable,@barelysociable,1380000,commentary,FALSE,FALSE,seed,US,,36,93337217,FALSE,1,1,0,Knowledge;Technology;Society;Lifestyle_(sociology)
UCfg9tm_FA4t8BWU4Kednk1w,Nala The Needy Rottie,@nalatheneedyrottie,1380000,commentary,FALSE,FALSE,mostPopular,,,747,929363591,FALSE,0,,0,Lifestyle_(sociology);Pet;Entertainment
UCbWcXB0PoqOsAvAdfzWMf0w,Fredrik Knudsen,@fredrikknudsen,1360000,commentary,FALSE,FALSE,seed,,,46,127759394,FALSE,3,1,0.333333333333333,Lifestyle_(sociology);Entertainment;Knowledge
UCG1h-Wqjtwz7uUANw6gazRw,Lindsay Ellis,@lindsayellisvids,1340000,commentary,FALSE,FALSE,seed,US,,133,171351685,FALSE,3,1,0,Film;Entertainment;Lifestyle_(sociology)
UCNzwsYxGc_AQSe5apbkIF6Q,Poppies Studios,@poppiesstudios,1340000,commentary,FALSE,FALSE,mostPopular,US,,1292,714324014,FALSE,4,1,0.5,Film;Entertainment
UCyT-PYrA69KLnn-6-yq1UoQ,Neil Henry,@theneilhenry,1340000,commentary,FALSE,FALSE,mostPopular,GB,,690,1181491805,FALSE,1,1,0,Film;Entertainment;Lifestyle_(sociology)
UCUUp9UkbUhrkkqcpzLNH8iw,Hakim,@hakim,1330000,commentary,FALSE,FALSE,seed,EG,,446,690370717,FALSE,1,0,0,Lifestyle_(sociology);Music_of_Asia;Music;Pop_music
UCcdsLJCHpSh8-ZsKS4YyUGA,BikingDC,@bikingdc,1230000,commentary,FALSE,FALSE,mostPopular,US,,355,882621836,FALSE,0,,0,Entertainment;Lifestyle_(sociology)
UCtJYioHcy5rMW2I_V4Ezkqg,MOON SQUAD,@moonmediagames,1210000,commentary,FALSE,FALSE,mostPopular,US,,480,2966894037,FALSE,0,,0,Entertainment;Sport
UC4EAKR8iWpe9VgnYOgUrKlA,INAFISH,@inafish01,1180000,commentary,FALSE,FALSE,mostPopular,US,,785,1604431526,FALSE,0,,0,Entertainment;Lifestyle_(sociology)
UCmg5HHr6_EjB8gvcrCT9W6Q,Playmakerz,@therealplaymakerz,1160000,commentary,FALSE,FALSE,mostPopular,PT,,1380,2506022184,FALSE,0,,0,Sport;Association_football
UCu26q6KeRJl355UGVPuhzjA,Doughtoli,@doughtoli,1130000,commentary,FALSE,FALSE,mostPopular,,,302,504367382,FALSE,0,,0,Lifestyle_(sociology);Food
UCRGw8sdeWIIX13P-vKT7snA,ian lex,@1anlexyt,1120000,commentary,FALSE,FALSE,mostPopular,,,326,1279329723,FALSE,5,1,0,Entertainment
UCybLp8ilBD6IRqzxdi1vkpw,The Alpha Mind,@thealphamind-z1c,1120000,commentary,FALSE,FALSE,mostPopular,,,999,2448133894,FALSE,0,,0,Television_program;Entertainment;Film
UCyNtlmLB73-7gtlBz00XOQQ,Folding Ideas,@foldingideas,1100000,commentary,FALSE,FALSE,seed,CA,,185,141398322,FALSE,7,1,0,Entertainment;Film;Lifestyle_(sociology)
UCWqmTsL_G-z_rHQU-_5kAOw,Jp wilkins,@jp.wilkins,1080000,commentary,FALSE,FALSE,mostPopular,US,,486,1011423061,FALSE,0,,0,Lifestyle_(sociology);Entertainment
UCfRHYgBTw5PuBX6kl7hBkWw,CineSavvy,@cine-savvy,1070000,commentary,FALSE,FALSE,mostPopular,US,,821,1492300481,FALSE,0,,0,Film;Entertainment;Television_program
UCs7nPQIEba0T3tGOWWsZpJQ,Like Stories of Old,@likestoriesofold,1050000,commentary,FALSE,FALSE,seed,NL,,159,73317687,FALSE,26,1,0,Entertainment;Film;Lifestyle_(sociology)
UCjE_MZratnvBiFJgmsKlKsQ,TikiTykes,@tikitykes,1050000,commentary,FALSE,FALSE,mostPopular,US,,181,313081174,TRUE,,,,Hobby;Lifestyle_(sociology);Entertainment;Film
UC_hRRTvm7rGqfIr0W-mc9zA,Matthew Beaver,@matt_beav,1040000,commentary,FALSE,FALSE,mostPopular,,,1540,1871047746,FALSE,18,1,0,Film;Entertainment
UCS8fdPNO8SmYO3GoUmEuOag,ZacSpeaksGiant,@zacspeaksgiant,1030000,commentary,FALSE,FALSE,mostPopular,,,642,2153443720,FALSE,0,,0,Video_game_culture;Entertainment
UCQAHQbdb3vNV8HYAvO-hldA,Miles Clothing ,@milesspiderclothes,1030000,commentary,FALSE,FALSE,mostPopular,,,101,609270922,FALSE,0,,0,Entertainment;Lifestyle_(sociology);Hobby
UCEFKqwqDB2lGRIPgDEhgMyA,Lexy Marasigan,@alexandra_marasigan,968000,commentary,FALSE,FALSE,mostPopular,,,964,425700496,FALSE,1,1,0,Music;Entertainment;Performing_arts;Pop_music;Lifestyle_(sociology);Music_of_Asia
UCWTFGPpNQ0Ms6afXhaWDiRw,Now You See It,@nowyouseeit,947000,commentary,FALSE,FALSE,seed,US,,95,81860674,FALSE,0,,0,Film;Entertainment;Lifestyle_(sociology)
UCgv4dPk_qZNAbUW9WkuLPSA,Atrioc,@atrioc,939000,commentary,FALSE,FALSE,seed,US,,955,409242287,FALSE,50,1,0,Action_game;Video_game_culture;Role-playing_video_game;Society;Action-adventure_game
UCSMqateX8OA2s1wsOR2EgJA,TLDR News,@tldrnews,933000,commentary,FALSE,FALSE,seed,GB,,1207,214597035,FALSE,48,1,0,Politics;Society
UCM0V8r4kuIWIl6Sy-NHj2lg,Quinton Reviews,@quintonreviews,915000,commentary,FALSE,FALSE,seed,US,,478,158285397,FALSE,2,1,0,Film;Entertainment;Lifestyle_(sociology)
UCkhy7g4GvHuzhbzTVjc8izQ,Toni and Ryan,@toniandryan,891000,commentary,FALSE,FALSE,mostPopular,AU,,2200,865505135,FALSE,8,1,0,Humour;Entertainment;Film
UCXRwNZpU67AK24r5QGfIfCw,Benedict Polizzi ,@bennypolizzi,832000,commentary,FALSE,FALSE,mostPopular,,,582,768490288,FALSE,0,,0,Humour;Entertainment;Film
UCaN8DZdc8EHo5y1LsQWMiig,Big Joel,@bigjoel,821000,commentary,FALSE,FALSE,seed,,,142,126669503,FALSE,14,1,0,Society;Entertainment;Film
UCJ6o36XL0CpYb6U5dNBiXHQ,Shaun,@shaun_vids,763000,commentary,FALSE,FALSE,seed,GB,,74,88866989,FALSE,1,1,0,Society;Politics
UCjv21sl6JiUkGuz-pwt-_6A,K Prezzi,@k.prezzi,671000,commentary,FALSE,FALSE,mostPopular,,,493,1359331410,FALSE,0,,0,Film;Entertainment
UCwJJxcke-uBJcLJ58HqrdSw,Zylok,@zylok.clipss,667000,commentary,FALSE,FALSE,mostPopular,FR,,2727,3230953509,FALSE,0,,0,Entertainment
UCK-GxvzttTnNhq3JPYpXhqg,Sarah Z,@sarahz,628000,commentary,FALSE,FALSE,seed,CA,,67,63587289,FALSE,5,1,0,Lifestyle_(sociology);Entertainment
UC81da5bwmCUeyJrOGeKuTBA,Coby Tatum,@cobytatum,619000,commentary,FALSE,FALSE,mostPopular,US,,316,475524666,FALSE,0,,0,Entertainment;Lifestyle_(sociology);Hobby
UCBp4nh-pgJCtO-bTzomzSqA,Videos that make your day better ,@cheerfulvids,619000,commentary,FALSE,FALSE,mostPopular,US,,2007,3722944245,FALSE,0,,0,Lifestyle_(sociology);Humour;Entertainment
UCI6o0bu42rKlJsUI1iV2L4A,Brazen Kidd TV,@brazenkiddofficial,615000,commentary,FALSE,FALSE,mostPopular,ZA,en,1515,1712176163,FALSE,0,,0,Film;Entertainment;Humour
UCZB6V9fUov0Mx_us3MWWILg,People Make Games,@peoplemakegames,579000,commentary,FALSE,FALSE,seed,GB,,63,42316952,FALSE,10,1,0,Role-playing_video_game;Video_game_culture;Action-adventure_game;Action_game
UCRPdcY4_Al8TrRtgkMzkrQQ,Tony Dortie ,@dortie,565000,commentary,FALSE,FALSE,mostPopular,US,,10682,975673202,FALSE,2,1,0,Politics;Society
UCoxPH1KIGJOW7fmo_5dvaDA,Pinckton,@pinckton,539000,commentary,FALSE,FALSE,mostPopular,US,,400,203558777,FALSE,1,1,0,Film;Entertainment
UCkFgAuCTBfDAqiI6sDYE2gQ,Sirenith Frame,@sirenithframe,529000,commentary,FALSE,FALSE,mostPopular,US,,396,735723873,FALSE,0,,0,Entertainment;Film
UCNx3YwJ63XQljP6KgJ_94jw,Speededitshorts,@speededitshorts,501000,commentary,FALSE,FALSE,mostPopular,US,,309,588829551,FALSE,0,,0,Entertainment
UCb6qkzVbz1FjnMMbkcZNdug,Grayskitz,@grayskitz,475000,commentary,FALSE,FALSE,mostPopular,GB,,1627,1008019579,FALSE,1,1,1,Humour;Entertainment;Film
UCJ_waKl9kjbhfXI3LJOfHvA,the drama,@itsthedrama,468000,commentary,FALSE,FALSE,mostPopular,IN,,991,985336091,FALSE,0,,0,Performing_arts;Entertainment;Television_program
UCnjYnmIPoZ1yqUSsQyI0kVQ,International Parenting Health Institute,@parentinghealthinstitute,460000,commentary,FALSE,FALSE,mostPopular,US,,667,1119755897,FALSE,0,,0,Lifestyle_(sociology);Health
UCHcWIp_7HdTlBAYUMAl1V_w,mdscae,@mdscae,453000,commentary,FALSE,FALSE,mostPopular,PT,,1833,2789694452,FALSE,0,,0,Film;Entertainment;Television_program
UCRVcZTwpoUJ_ucLBDeWIo0w,JOHNN,@johnnve_,440000,commentary,FALSE,FALSE,mostPopular,PH,,1066,2001933122,FALSE,0,,0,Music_of_Asia;Entertainment;Music
UCTWzvrr6t-k7eRy3d-j_EEQ,MainStream Media,@mainstreammediahq,439000,commentary,FALSE,FALSE,mostPopular,,,104,285848188,FALSE,0,,0,Entertainment
UCewdYkAktkyNlPYMoQT0e0g,Smirk,@smirkyts,422000,commentary,FALSE,FALSE,mostPopular,US,,405,1672278444,FALSE,0,,0,Film;Entertainment;Humour
UCIYcQEq2FKNWYkOLJE9oTVQ,sebas,@sebaszxb,399000,commentary,FALSE,FALSE,mostPopular,CO,,169,88624714,FALSE,0,,0,Video_game_culture;Entertainment;Humour;Role-playing_video_game
UCsmLQSxFSgPUklGKTJFct4g,Toys Reviews R-Us,@toysreviewsr-us,382000,commentary,FALSE,FALSE,mostPopular,CA,,568,19775459,FALSE,1,1,0,Lifestyle_(sociology);Entertainment;Pet
UCZvV-aBsDCPPLQwkhA0uZuQ,xxsni,@xlnow,382000,commentary,FALSE,FALSE,mostPopular,,,532,2901675561,FALSE,0,,0,Entertainment
UCumXwvLINZe5dLweVa8tEiw,Jeff Renner,@jeffrenner-w6c,357000,commentary,FALSE,FALSE,mostPopular,,,899,306468355,FALSE,0,,0,Film;Entertainment
UCwWxXbXeEMpYlG9uL1gGyGQ,DatoRayo,@datorayox,354000,commentary,FALSE,FALSE,mostPopular,,,131,48141854,FALSE,0,,0,Sport;Lifestyle_(sociology)
UCJ8LW5mfKP4WEDjoQQawUhg,StompnWorld,@stompnworldfan,345000,commentary,FALSE,FALSE,mostPopular,US,,2708,3137709812,FALSE,0,,0,Film;Entertainment
UC41hhaZk2zX3aZh8AHQvFvA,Saboor,@alphasaboor,339000,commentary,FALSE,FALSE,mostPopular,US,,767,2696116102,FALSE,0,,0,Film;Entertainment
UCBVrn_SGKAOv3yKPi4Oc3-A,NRL on Nine,@nrlonnine,335000,commentary,FALSE,FALSE,mostPopular,AU,,13101,474818460,FALSE,15,1,0,Sport;Association_football
UCKtIwLrvq-pTJEaWbA7Wisw,Lucas Zelnick,@lucaszelnickcomedy,333000,commentary,FALSE,FALSE,mostPopular,US,,464,208661507,FALSE,11,1,0,Film;Entertainment;Humour
UCFGbTdJ7ySw_CPO56ARHRWA,ComedyComics,@comedycomicz,332000,commentary,FALSE,FALSE,mostPopular,CA,,1020,1949527075,FALSE,0,,0,Lifestyle_(sociology);Film;Video_game_culture;Entertainment
UCvAGbNr66Tl6FERlThpGbkw,Mi Desing,@midesing,330000,commentary,FALSE,FALSE,mostPopular,US,tr,407,150311284,FALSE,0,,0,Entertainment;Film;Humour
UCL4un2BXLyGCvPGRe3zs25g,Reagan To,@reagan_to,328000,commentary,FALSE,FALSE,mostPopular,,,486,398873740,FALSE,0,,0,Performing_arts;Entertainment;Lifestyle_(sociology);Hobby
UCPdAzLUGVDlPfoT2teQBj_Q,Rubyx ♡,@rubyx-kpop,327000,commentary,FALSE,FALSE,mostPopular,IN,,358,727719914,FALSE,0,,0,Pop_music;Entertainment;Music_of_Asia;Music
UCI6PizyQLP4Fe8IzidMc5fA,Eggdar,@eggdarmemes,325000,commentary,FALSE,FALSE,mostPopular,US,,3525,8011575951,FALSE,0,,0,Film;Entertainment;Humour
UChBD4NpITiW2CzIz5GwppDA,Maggie Mae Fish,@maggiemaefish,320000,commentary,FALSE,FALSE,seed,US,,156,19139847,FALSE,5,1,0,Film;Entertainment;Television_program
UC3ULHkBF64UbPbn_Jell_zw,meg mai,@m3gmai,309000,commentary,FALSE,FALSE,mostPopular,,,243,195967295,FALSE,4,1,0,Lifestyle_(sociology);Hobby
UCeYy3kNtk_vhVSxZhi1WGJw,Would I Lie To You?,@wilty_tv,307000,commentary,FALSE,FALSE,mostPopular,GB,,1325,483280298,FALSE,26,1,0,Film;Television_program;Entertainment
UCo9_wYF9ZysVj8KMF7CIXVQ,Dylan Stark,@imdylanstark,293000,commentary,FALSE,FALSE,mostPopular,US,,599,428451350,FALSE,5,1,0,Lifestyle_(sociology);Entertainment;Film
UCgfNZvv7F2ZVKDIlSTZrzNw,Best Emotional Videos 🥹,@mimidiaryy,278000,commentary,FALSE,FALSE,mostPopular,,,130,44599701,FALSE,0,,0,Lifestyle_(sociology);Pet;Entertainment
UCQd6jceW2fvOZ4OHsSFp9Lg,Mr.Pottah ,@mr.pottah,277000,commentary,FALSE,FALSE,mostPopular,,,436,673138731,FALSE,0,,0,Film;Entertainment
UC70N6_H2KTZQ2Iudb_M9aHg,Tnos,@tnos11,246000,commentary,FALSE,FALSE,mostPopular,,,514,879840352,FALSE,0,,0,Humour;Entertainment;Film
UCRALQzKb27aa70Xq1XamxSQ,Global Hoops,@globalhoopss,240000,commentary,FALSE,FALSE,mostPopular,,,895,1200724200,FALSE,0,,0,Sport;Basketball;Entertainment
UC9gDRdWtfsnYKOfCdpIqYnw,Popcorn Movie,@popcornmovie666,235000,commentary,FALSE,FALSE,mostPopular,,,163,421249127,FALSE,0,,0,Entertainment;Film
UCLBPj-QsdRtKc8TU45hectQ,Josiah MacCartney,@josiahmaccartneymusic,232000,commentary,FALSE,FALSE,mostPopular,US,,1608,1613652774,FALSE,3,1,0,Music;Entertainment;Film
UCwloYs7ed5C5DxTIc-b1GOQ,EDDIE_editz,@eddie_editz888,227000,commentary,FALSE,FALSE,mostPopular,US,,55,439100994,FALSE,0,,0,Film;Entertainment;Television_program
UCMiTiaj5wsJoVjrd-V_IFVQ,HAchubby,@hachubby,225000,commentary,FALSE,FALSE,seed,KR,,1291,109329292,FALSE,10,1,0,Lifestyle_(sociology)
UCFxQFiaXvBAxSKQ4DFZRk-w,DailyTrendz,@dailytrendz1,222000,commentary,FALSE,FALSE,mostPopular,US,en,307,345241153,FALSE,1,1,0,Entertainment;Humour
UC9WD7bBsWR1r6qwiazpNw3g,pio the platypus,@pio.the.platypus,220000,commentary,FALSE,FALSE,mostPopular,,,216,93860959,FALSE,0,,0,Film;Entertainment
UC71cE2GxleenAqpv2ZIz87Q,ChefsArc,@chefsarc,214000,commentary,FALSE,FALSE,mostPopular,,,436,932579160,FALSE,0,,0,Lifestyle_(sociology);Food;Entertainment;Television_program
UChHDm14p5qXqfPPfz4tV97w,Mason391,@mason391yt,212000,commentary,FALSE,FALSE,mostPopular,US,,1140,283121969,FALSE,0,,0,Film;Entertainment;Television_program
UCKrEbjXI1RQwZw4yFS5JTnQ,Matthew Ranks,@matthewranks,208000,commentary,FALSE,FALSE,mostPopular,PL,,44,22953631,FALSE,0,,0,Entertainment;Humour
UCsnk83YsyOgNd-m86_vcXAA,Squirrel Pursuit Outdoors,@squirrelpursuitoutdoors,207000,commentary,FALSE,FALSE,mostPopular,CA,en,1307,115367671,FALSE,6,1,0,Entertainment;Lifestyle_(sociology);Hobby;Pet
UCUpYKbFN8J39r1G8J4JmV2w,Josiah Fi,@josiahfi,207000,commentary,FALSE,FALSE,mostPopular,US,,89,277808211,FALSE,0,,0,Entertainment;Film
UCiNc9L50d9TAsMZOMu8p9Xg,carshorts,@carshoorts,204000,commentary,FALSE,FALSE,mostPopular,,,132,359996707,FALSE,0,,0,Vehicle;Lifestyle_(sociology);Entertainment
UCwJJsKJeS6WR26hy0ViBb1Q,Cool Guyz Online,@coolguyzonline,202000,commentary,FALSE,FALSE,mostPopular,US,,373,188977857,FALSE,3,1,0,Film;Entertainment
UCo9d4xJLYZCKOLOhKyLR9OQ,Frame242,@frame242,201000,commentary,FALSE,FALSE,mostPopular,BR,,513,1901310059,FALSE,0,,0,Film;Entertainment
UC_lChD7XiY0Lo0pKxPErpvw,Alex Assoune,@alexassoune,198000,commentary,FALSE,FALSE,mostPopular,DE,,3326,269903038,FALSE,7,1,0,Film;Entertainment
UCzx0a02_fvBS31wiNYgvIoA,Silly Jokers,@sillyjokers,195000,commentary,FALSE,FALSE,mostPopular,IE,,369,1173104921,FALSE,0,,0,Film;Entertainment;Humour;Television_program
UCdEelEGViSzktYm1feOqFSQ,Police Bodycam USA,@policebodycamusatv,193000,commentary,FALSE,FALSE,mostPopular,,,252,374277542,FALSE,0,,0,Entertainment;Vehicle;Film;Lifestyle_(sociology);Society
UCo-33AN4MG-G-r0X_tCWJEA,Simon Brodkin,@simonbrodkin,188000,commentary,FALSE,FALSE,mostPopular,GB,,328,159665018,FALSE,1,1,0,Humour;Entertainment;Film
UCWXuxZOVMZm1VU1UjfrAK3A,overthinker.,@_overthinker.,182000,commentary,FALSE,FALSE,mostPopular,US,,96,214836722,FALSE,0,,0,Humour;Entertainment
UCInowG-Mwmc5CHclqGgKeLg,Silenthaze,@silenthazec,179000,commentary,FALSE,FALSE,mostPopular,US,,30,21788426,FALSE,0,,0,Lifestyle_(sociology);Entertainment;Humour
UCJMlB7oNJsBzDWhqAegTAyA,Tale Talker,@taletalker088,177000,commentary,FALSE,FALSE,mostPopular,US,,108,238044165,FALSE,0,,0,Television_program;Entertainment;Film
UCklv8yM71yMz1Hin_vkFEFA,Kangaroo Golf,@kangaroo_golf,173000,commentary,FALSE,FALSE,mostPopular,US,,441,457112066,FALSE,12,1,0,Lifestyle_(sociology);Entertainment;Golf;Sport
UC1qHzBZuXEyN9g14y1f6-Fg,Snip Snip France,@florixiscut-o3u,163000,commentary,FALSE,FALSE,mostPopular,US,,228,297697195,FALSE,0,,0,Film;Entertainment
UC5OVttCuY0z5oUXbleFfQqQ,DailyMotivationDosis,@dailymotivationdosis,162000,commentary,FALSE,FALSE,mostPopular,,,1934,619039010,FALSE,0,,0,Health;Lifestyle_(sociology);Physical_fitness;Entertainment
UCGJxdSbK9XticRUzLDhoiAw,CamsBanter,@camsbanter,154000,commentary,FALSE,FALSE,mostPopular,US,,742,597962662,FALSE,1,1,0,Film;Entertainment;Humour
UCOOAAhDVlHCj3AWfd0dGbVA,Lunar sync,@lunarosync,141000,commentary,FALSE,FALSE,mostPopular,US,,728,820385570,FALSE,0,,0,Entertainment
UChdlXuuvwtc3a6DqELfpgQg,The Fehu,@thefehu,140000,commentary,FALSE,FALSE,mostPopular,UA,,105,217861722,FALSE,0,,0,Pet;Entertainment;Lifestyle_(sociology)
UCNhC6-oiZN_1UKRBUvyqt0A,Cine Apex,@cineapex-06,139000,commentary,FALSE,FALSE,mostPopular,US,,52,151191208,FALSE,2,1,0,Television_program;Film;Entertainment
UCQnAY0HU_ZrxaYgGtwuIGTw,Lyssie,@lyssiebob,137000,commentary,FALSE,FALSE,mostPopular,,,1799,484306050,FALSE,0,,0,Fashion;Lifestyle_(sociology)
UCHLo3fAnzJ9LhB4vyAy_Ndg,Jayke Brown,@jaykebrown,136000,commentary,FALSE,FALSE,mostPopular,US,,4953,291198899,FALSE,1,1,0,Lifestyle_(sociology);Entertainment
UCAYrXKAhojPMnZPxpUo3T1g,ZUmgogogo,@zumgogogo-6,136000,commentary,FALSE,FALSE,mostPopular,,,101,154277450,FALSE,0,,0,Film;Entertainment
UC3evct1cmikfUdzwiHB51fg,WisdomGlory,@wisdomglory-k3c,133000,commentary,FALSE,FALSE,mostPopular,LT,,320,309998879,FALSE,0,,0,Film;Entertainment;Humour;Television_program
UCEOrTO8A5Nq9oQ1NbvLUxrg,FAN EXPO,@fanexpohq,127000,commentary,FALSE,FALSE,mostPopular,CA,,1731,233105090,FALSE,2,1,0,Entertainment;Film
UCNnBZfUWjqy9CZYRhtnMjQg,AJAY USA 2,@ajay_usa2,126000,commentary,FALSE,FALSE,mostPopular,US,,2693,1089208245,FALSE,0,,0,Entertainment;Film
UCl1tb2MB0JUNceBl67aDmGg,Super Labs,@superlabs01,120000,commentary,FALSE,FALSE,mostPopular,US,,65,225698709,FALSE,1,1,0,Video_game_culture;Entertainment;Film
UCJBBqGGHmo84rSoRDBWA3Uw,Memelogyz,@memelogyz,119000,commentary,FALSE,FALSE,mostPopular,US,,4549,3315347626,FALSE,0,,0,Film;Entertainment
UCWJtCsLtBu5XY4ovIT8jy1A,Dreamy Talker,@dreamytalker088,119000,commentary,FALSE,FALSE,mostPopular,US,,53,143492760,FALSE,0,,0,Entertainment;Film;Television_program
UCOZWLMuz_DhkqANEWw9brgg,HeroTimes,@herotimes101,118000,commentary,FALSE,FALSE,mostPopular,US,,316,483121691,FALSE,0,,0,Film;Entertainment
UCBguopg2BEArRruRyEPqOgw,Sanze,@sanzecut,117000,commentary,FALSE,FALSE,mostPopular,US,,137,98374280,FALSE,0,,0,Entertainment;Film
UCYp6nZ3yx11axEaq9STzdkg,On,@on-running,116000,commentary,FALSE,FALSE,mostPopular,CH,,542,155158411,FALSE,2,1,0,Sport;Lifestyle_(sociology)
UCewzqLxmZA9-REXGKQ9lOqQ,EncounterVX,@encountervx,116000,commentary,FALSE,FALSE,mostPopular,NG,,138,285156819,FALSE,0,,0,Lifestyle_(sociology);Entertainment;Vehicle
UChTcFH-6AIEgaEO_k2BdcwA,TheRankingTeddy,@therankingteddyy,116000,commentary,FALSE,FALSE,mostPopular,US,,56,8096251,FALSE,0,,0,Lifestyle_(sociology);Entertainment;Pet
UCggglXd7JUKznOeUq9Xrc3A,Military Exposed Shorts,@militarryexposed,115000,commentary,FALSE,FALSE,mostPopular,US,,313,388331322,FALSE,0,,0,Society;Military;Entertainment
UCSzYBn7wkdR0_YQ4TFsoFbg,JustBeClipping ,@justbeclipping1,112000,commentary,FALSE,FALSE,mostPopular,,,1245,504922672,FALSE,0,,0,Entertainment
UCHrtsPTCsnqI3Iv1s1QL3ig,LOL HQ,@lolhqhaha,111000,commentary,FALSE,FALSE,mostPopular,US,id,602,502930706,FALSE,0,,0,Television_program;Film;Entertainment
UCXY8Y8dZF6TtTJw--Xgnw5A,Horseshoe Movies,@horseshoemovies,110000,commentary,FALSE,FALSE,mostPopular,US,,293,199798767,FALSE,0,,0,Television_program;Film;Entertainment
UCVqZFWnyRmilBLI-7tKbwRw,trashclips,@trashclips01,108000,commentary,FALSE,FALSE,mostPopular,US,,1290,321888175,FALSE,0,,0,Entertainment
UC_z6d2hblrGzLRUcSpHWNBA,dogsbeingfun,@dogsbeingfun,108000,commentary,FALSE,FALSE,mostPopular,,,26,2792714,FALSE,0,,0,Lifestyle_(sociology);Pet;Entertainment
UClQdpqgfVtUmtayqFwDjn5A,ZakuroAM,@zakuroam,107000,commentary,FALSE,FALSE,mostPopular,US,,24,53975011,FALSE,0,,0,Film;Entertainment
UCugSSTPFKUPjFF1hMk6fFlA,Crowd Control,@crowdcontroldo,106000,commentary,FALSE,FALSE,mostPopular,US,,134,184081581,FALSE,0,,0,Film;Entertainment;Television_program
UCo1mpfrgH4N3kmPY_MdOphA,Scroll Spheres,@scroll-spheres,106000,commentary,FALSE,FALSE,mostPopular,US,,1931,1690668094,FALSE,0,,0,Entertainment;Film
UCXST4KA0qaWKYxggVWcHbVQ,tazzly,@tazzly,104000,commentary,FALSE,FALSE,mostPopular,US,,546,585712695,FALSE,0,,0,Film;Entertainment;Video_game_culture
UCZ-8sxV1bMxJlm-e1dJNYVw,8 Out of 10 Cats,@8outof10catsofficial,104000,commentary,FALSE,FALSE,mostPopular,GB,,995,212677762,FALSE,24,1,0,Film;Television_program;Entertainment
UCPCoX_aWVXsX-J5MjqvbvTQ,Plankle,@plankle,104000,commentary,FALSE,FALSE,mostPopular,US,,240,278747822,FALSE,3,1,0,Entertainment
UCj4-8sMA3ElisEnVeNKs3Xg,Maple Snippets,@maplesnippets,102000,commentary,FALSE,FALSE,mostPopular,US,,142,373490872,FALSE,0,,0,Entertainment;Film
UClct1lanlIBzT7JUo2UQnjw,Who What Wear,@whowhatwear,100000,commentary,FALSE,FALSE,mostPopular,US,,1244,63283336,FALSE,7,1,0,Lifestyle_(sociology);Entertainment
UCx1i5LAGi4_rewSRviBSaSw,Ondic Nixon,@ondicnixon,96900,commentary,FALSE,FALSE,mostPopular,US,,868,342757371,FALSE,,,,Military;Entertainment;Film
UCaDSB4Sl5JkdnXjKgQ2g38Q,The Panther Watches,@thepantherwatches,95500,commentary,FALSE,FALSE,mostPopular,PH,,1798,1764397780,FALSE,,,,Entertainment;Film
UCcU89IAOaIPdMl1h5eMHagg,The Movie Talkies,@themovietalkies,92500,commentary,FALSE,FALSE,mostPopular,IN,,1308,117809274,FALSE,,,,Film;Entertainment
UC8cxpYmk5yGVpV05Z-3Rc8A,Parley and Natalie,@parleyandnatalie,91200,commentary,FALSE,FALSE,mostPopular,,,230,129471531,FALSE,,,,Lifestyle_(sociology);Performing_arts;Entertainment;Hobby;Fashion
UCjiF98bZdp9LsLguwLxs_pQ,Featurama,@featurama,86700,commentary,FALSE,FALSE,mostPopular,FR,,99,368322334,FALSE,,,,Film;Entertainment
UC9b1DMWI8jy9dGVn9kOayIA,UrgentPOVs,@urgentpovs,81700,commentary,FALSE,FALSE,mostPopular,US,,188,561692049,FALSE,,,,Entertainment;Military;Lifestyle_(sociology);Society
UC9oke1Mf-ATFZ7pZtte79XQ,Ashrafi Top Waz ,@ashrafitopwaz,81500,commentary,FALSE,FALSE,mostPopular,BD,,137,88009786,FALSE,,,,Film;Entertainment
UCPb-rBOu3rK77XOrIa2G8xw,JBAR - Justin Benjamin,@jbarbar,80800,commentary,FALSE,FALSE,mostPopular,,,1200,140856195,FALSE,,,,Film;Entertainment;Humour
UCQWImZPIdT-Oi_xTNOX4oJA,Gradyandkarlee,@gradyandkarlee-2023,77100,commentary,FALSE,FALSE,mostPopular,,,254,61121111,FALSE,,,,Film;Entertainment;Humour
UCu3c3KkeAwteM70UPbOelOQ,jdfase,@jdfase,76600,commentary,FALSE,FALSE,mostPopular,US,,60,86344595,FALSE,,,,Film;Entertainment;Association_football
UCLZmgUANnCkYKoTCuGBoi8g,REMIVERSE,@remiverseyt,75600,commentary,FALSE,FALSE,mostPopular,US,,24,4306947,FALSE,,,,Lifestyle_(sociology);Entertainment
UCpcwU51C8Ygxc_IbRilDavg,Princess Balloveras,@princess_balloveras,75600,commentary,FALSE,FALSE,mostPopular,US,,2171,348833191,FALSE,,,,Entertainment;Film
UCr_Ls5-5_GsJdEkUw9bWIwA,CrispyTheory,@crispy.theory,75400,commentary,FALSE,FALSE,mostPopular,GB,,286,352684868,FALSE,,,,Television_program;Entertainment;Film
UC1M9oYUP1J_PCLKxGXLsSSQ,Furever Stories,@fureverstoriess,74700,commentary,FALSE,FALSE,mostPopular,,,313,166783254,FALSE,,,,Entertainment;Film
UCLdhqd3JAJwzZ0czwgbXPHA,Ramberg Reacts,@rambergreacts,70200,commentary,FALSE,FALSE,mostPopular,NO,,879,115196138,FALSE,,,,Music;Lifestyle_(sociology)
UCQoGStIUAwwr9MbsjDGU4Hg,LDKTE,@ldkte,68700,commentary,FALSE,FALSE,mostPopular,,,76,362079782,FALSE,,,,Music_of_Asia;Pop_music;Entertainment;Performing_arts;Music
UCghBjjeEhFmua-UjiFzHZlw,Cherry,@vuthisam2003,67900,commentary,FALSE,FALSE,mostPopular,US,,341,104788517,FALSE,,,,Film;Entertainment;Lifestyle_(sociology)
UCpml84rDPNgrJdG_yl_2sbw,Volt242,@volt242,66700,commentary,FALSE,FALSE,mostPopular,BR,,234,461198415,FALSE,,,,Film;Entertainment
UC-uI0DQjeXu1Q6EQUdzMg5g,The Strasdas Family,@thestrasdasfamily,64700,commentary,FALSE,FALSE,mostPopular,US,,449,184128775,FALSE,,,,Lifestyle_(sociology)
UCefLnabGT6n9TEGecIfqi7w,Exposed Nation,@exposednation1,64600,commentary,FALSE,FALSE,mostPopular,US,,405,126213701,FALSE,,,,Entertainment
UCH0UGCOApd6t4lOL7vJpz3Q,Jacqshorts,@jacqshorts,64500,commentary,FALSE,FALSE,mostPopular,US,,126,146470056,FALSE,,,,Entertainment;Lifestyle_(sociology)
UCGA1Jscz3bd7mhvDOMGUEdA,6Squad,@diepvo8265,64300,commentary,FALSE,FALSE,mostPopular,US,,71,131519377,FALSE,,,,Entertainment;Television_program;Film
UCT-IPXTx8AmdLC1pXvlxjSw,ZobsterPrime,@zobsterprime,63800,commentary,FALSE,FALSE,mostPopular,PH,,85,390451328,FALSE,,,,Entertainment
UCiHAgDXiu5N93QtcFHFTDsA,Rank Riot 78,@rankriot78,59700,commentary,FALSE,FALSE,mostPopular,US,,187,53763448,FALSE,,,,Lifestyle_(sociology);Humour;Entertainment;Pet
UCcTh4zAfDwhqgygvgstNB0A,Chudington,@chudington1,58800,commentary,FALSE,FALSE,mostPopular,SK,,163,74981087,FALSE,,,,Entertainment
UC-OyfpD0i9Kj1ZdyY-0Uv1g,IamDennyz,@iamdennyz,58700,commentary,FALSE,FALSE,mostPopular,,en,411,572677217,FALSE,,,,Film;Entertainment
UCAQdxsQDAZc1zY8plWfCutA,Not A Drill,@notadrill_yt,58500,commentary,FALSE,FALSE,mostPopular,NL,,61,153209327,FALSE,,,,Society;Military;Entertainment
UCw-MBuELWSS_DTydGnXtILQ,Unspoken Stories,@unspokenstories9,56600,commentary,FALSE,FALSE,mostPopular,,,188,78131091,FALSE,,,,Entertainment;Military;Society
UCWZ78k4e-GV--zXdbynVPEg,jingpinfilm,@jingpinfilm,52200,commentary,FALSE,FALSE,mostPopular,US,,228,61645383,FALSE,,,,Entertainment;Film
UCv2zMbRMMUw2ugwE4e42-Uw,CelebScope,@itscelebscope,51500,commentary,FALSE,FALSE,mostPopular,US,,291,185812224,FALSE,,,,Television_program;Entertainment;Film
UCW_6YjH0nv_zdaG4AY1EFsg,Dynamite Studios,@dynamitestudios,50600,commentary,FALSE,FALSE,mostPopular,AU,,246,99148098,FALSE,,,,Music;Hobby;Performing_arts;Entertainment;Lifestyle_(sociology)
UCaqeTDzt1vEt430zzdRQjKQ,Glipz,@glipz_viral,49300,commentary,FALSE,FALSE,mostPopular,US,en,357,438104265,FALSE,,,,Humour;Entertainment
UC8ICWClrtJfeN9AwzHwCvrw,SuperCaliver,@supercaliver-1,48700,commentary,FALSE,FALSE,mostPopular,US,,201,182792081,FALSE,,,,Film;Entertainment
UChU5xMeEVtHtWnmnhUwmn3Q,DunkCity,@dunkcityy,48300,commentary,FALSE,FALSE,mostPopular,,,192,284337322,FALSE,,,,Basketball;Sport;Entertainment
UC6RtJie4q6FqeW2vO4h_u6w,Schattenchronik,@ineverknewed,47600,commentary,FALSE,FALSE,mostPopular,DE,,38,43349299,FALSE,,,,""
UC3BFAvmHhmtkmUk9g92hWZA,Frown,@frownytz,47200,commentary,FALSE,FALSE,mostPopular,US,,131,98289618,FALSE,,,,Film;Entertainment;Humour
UCN4LrvbdzoIK9MB3J1ZDRJQ,Reels Busted,@reelsbusted,46000,commentary,FALSE,FALSE,mostPopular,US,,260,477514998,FALSE,,,,Entertainment;Film
UCOVBNRL92d7K7hcvIZBIzFg,Mizy Ranks,@mizyranks,45600,commentary,FALSE,FALSE,mostPopular,CA,,58,12556598,FALSE,,,,Humour;Entertainment;Lifestyle_(sociology)
UCVVSVKwWXt9CVIryAjEnx3w,Scottyskits,@scottyskits,45400,commentary,FALSE,FALSE,mostPopular,,,656,109052676,FALSE,,,,Entertainment;Lifestyle_(sociology)
UC4GsIOqYzl8dVpAbX3N93-w,LuminalCuts,@luminalcuts,45200,commentary,FALSE,FALSE,mostPopular,,,123,211369906,FALSE,,,,Film;Entertainment
UCn-MA01djv6la_BcXVoqzBA,spiderchan,@spiderchanyt,44500,commentary,FALSE,FALSE,mostPopular,PH,,227,286392228,FALSE,,,,Entertainment;Film
UC6fCmyqXXY7ECKOybSQRnCA,Ryan Long Premium,@ryanlongpremium,43900,commentary,FALSE,FALSE,mostPopular,US,,475,32561758,FALSE,,,,Humour;Entertainment;Film
UC9l_jkt512FmjFS0KScv00w,RISE WITHIN ,@risewithinx27,43000,commentary,FALSE,FALSE,mostPopular,DE,,112,59473239,FALSE,,,,Sport;Entertainment
UC3c5iodzsyjS6HwQ0Bvn0mA,Caring Amelia,@caring.amelia,43000,commentary,FALSE,FALSE,mostPopular,,,133,77742885,FALSE,,,,Lifestyle_(sociology);Entertainment
UCMMnLQLAL9FS7zvUqchjNiQ,Joshua Kravchenko,@joshuakravchenko,39900,commentary,FALSE,FALSE,mostPopular,,,422,86352744,FALSE,,,,Lifestyle_(sociology);Entertainment
UCrwxXQc50h3bR33HBFosGQA,qrk9,@qrk9,37600,commentary,FALSE,FALSE,mostPopular,OM,,1499,120106475,FALSE,,,,Video_game_culture
UCDDgDqgvBXZ_8A493uKrHbA,DougLass ,@douglass1900,37000,commentary,FALSE,FALSE,mostPopular,US,,69,72743671,FALSE,,,,Lifestyle_(sociology);Entertainment;Sport
UC_pXB3NoY3bIl_FDb2aghlw,Cam Sightings,@camsightings,36200,commentary,FALSE,FALSE,mostPopular,US,,154,145189152,FALSE,,,,Humour;Entertainment
UC3ED4tYSeQploVktGhcD1og,GusClips,@gusclipss,35000,commentary,FALSE,FALSE,mostPopular,US,,80,93754683,FALSE,,,,Knowledge;Humour;Entertainment
UCDZRU9MUO8YZ-uyY6O1vc-Q,Quốc Tiger,@quoctiger8182,34800,commentary,FALSE,FALSE,mostPopular,,,113,50859326,FALSE,,,,Entertainment;Film
UCGUe9xm-m_wJosAkpKAe-YA,Theat,@theat-n2f,34500,commentary,FALSE,FALSE,mostPopular,US,,828,202985135,FALSE,,,,Film;Entertainment
UCRkEbisOiHptwm7hhgH6tQA,M​oon,@moon,34200,commentary,FALSE,FALSE,seed,GB,,0,0,FALSE,,,,""
UCM2hAwTw-pFi-eos9NjcA6Q,Today's Rescue,@todaysrescue1,31600,commentary,FALSE,FALSE,mostPopular,US,,131,118445859,FALSE,,,,Film;Television_program;Entertainment;Health
UCHXFM9tdQBhGtopfIGuCrGw,Agile Mind Cartoons,@agilemindcartoons,31300,commentary,FALSE,FALSE,mostPopular,IN,,75,26539455,TRUE,,,,Lifestyle_(sociology);Entertainment;Film
UCAX_u66LZ50PFY60uGD75Kg,Salandri Rajinikanth,@salandrirajinikanth4890,30700,commentary,FALSE,FALSE,mostPopular,,,88,42069910,FALSE,,,,Entertainment;Film
UCiJ88bCtcw2WB04761Rip8A,Rasta Ranks ,@rastaranks,30400,commentary,FALSE,FALSE,mostPopular,US,,251,65355157,FALSE,,,,Entertainment;Film
UCdO-VBmT3zRDSdwt8hVxUvg,Mitti De Baway,@mittidebawayofficial,29100,commentary,FALSE,FALSE,mostPopular,IN,,208,28795782,FALSE,,,,Entertainment;Television_program;Film
UCsJrPYKBMTkgboUpkjLHGUg,NovaClip,@liuzzu,28800,commentary,FALSE,FALSE,mostPopular,,,79,40739506,FALSE,,,,Film;Entertainment
UCJMwPJQ7ggHeBo6DaTplbFg,Movies Explained Shorts,@moviesexplained-33,28500,commentary,FALSE,FALSE,mostPopular,US,,212,153417248,FALSE,,,,Television_program;Humour;Entertainment;Film
UCB1cRBveTpYHoQk_d3NyN9Q,Layla Fam,@laylafam,28400,commentary,FALSE,FALSE,mostPopular,CA,,163,34628103,FALSE,,,,Entertainment;Lifestyle_(sociology)
UCDLRPhk_fY1dIN2OtR8k7sQ,CrimeCutzzTV,@crimecutz,27800,commentary,FALSE,FALSE,mostPopular,IN,,69,17970942,FALSE,,,,Vehicle;Entertainment;Lifestyle_(sociology)
UCOEql_8rHo6_ZsM1sf2KQFw,CeIebs,@ceiebs,27700,commentary,FALSE,FALSE,mostPopular,US,,247,313175394,FALSE,,,,Television_program;Entertainment;Film
UCA3nnGFuZJXxWW8LSv500nA,Splice Comedy,@splicecomedy,27100,commentary,FALSE,FALSE,mostPopular,,,1557,251129919,FALSE,,,,Humour;Entertainment;Film
UCjmAflsz1Sc9HA_Y01ep9pw,PolarBro,@polarbroski,26500,commentary,FALSE,FALSE,mostPopular,,,216,90385378,FALSE,,,,Entertainment
UCMmlWIrvTcFHLGCm8YowgsQ,MasteMotivChef,@mastemotivchef,25600,commentary,FALSE,FALSE,mostPopular,,,163,72727549,FALSE,,,,Lifestyle_(sociology);Television_program;Entertainment;Food
UCucwTluaf3ebF1NT3oQlb2w,Vromine,@vromine,25400,commentary,FALSE,FALSE,mostPopular,CA,,168,109619985,FALSE,,,,Entertainment
UCaZUCMUYgsxkls1U1qQLviQ,Stream Rush,@streamrush-67,24500,commentary,FALSE,FALSE,mostPopular,,,97,95640484,FALSE,,,,Film;Entertainment
UCcJJICWtXT42fy80C6j4RQA,LiteClip,@liteclip-six,24000,commentary,FALSE,FALSE,mostPopular,US,,80,105491407,FALSE,,,,Music_of_Asia;Entertainment;Film;Music;Television_program
UCB53XWXMTI7tcDke4LtfwPA,Viral Essentials,@viralessentialsclips,23800,commentary,FALSE,FALSE,mostPopular,AU,,85,58513145,FALSE,,,,Lifestyle_(sociology);Pet;Entertainment
UCwzr3qlCSspFN_8C3BnNS5A,ADVICE-NETFLIXN ,@advice-5909,23400,commentary,FALSE,FALSE,mostPopular,US,,243,19312537,FALSE,,,,Role-playing_video_game;Entertainment;Film;Video_game_culture;Action-adventure_game;Action_game
UCW6GT-3qf-5KSoGRzhT1iQA,RoadMpire,@roadmpire,22100,commentary,FALSE,FALSE,mostPopular,US,,16,27709986,FALSE,,,,Vehicle;Entertainment;Lifestyle_(sociology)
UCAykr3-TlrDmNvvBne1OH-g,Starzy,@starzy_news,21700,commentary,FALSE,FALSE,mostPopular,AU,,735,341879100,FALSE,,,,Entertainment;Film
UC1Htd44gJqSqEP0Un4LXFpw,Huuxi,@huuxi,21500,commentary,FALSE,FALSE,mostPopular,FI,,233,59802510,FALSE,,,,Humour;Entertainment;Film
UCAGOwiqzDmK-Z8URY_YbDZw,Eddie,@aayeddie,20800,commentary,FALSE,FALSE,mostPopular,,,884,23237339,FALSE,,,,Role-playing_video_game;Video_game_culture;Entertainment;Lifestyle_(sociology)
UCaXQPTT2nt8OUhu95AobZZg,TIAN,@stardusttian,20700,commentary,FALSE,FALSE,mostPopular,US,,161,67035286,FALSE,,,,Entertainment
UCRd8Y74Tux288BCCExaUJtQ,Anti-terror-star,@hgh-z3g,19500,commentary,FALSE,FALSE,mostPopular,US,,123,83727906,FALSE,,,,Television_program;Entertainment;Film
UChHvSuWm1I4zz1xgaRGdCOw,Stacey Alberg,@albergstacey,19100,commentary,FALSE,FALSE,mostPopular,,,21,8987845,FALSE,,,,Lifestyle_(sociology);Entertainment
UCPQGDuWje5VS0WUZCqveS_w,Rylantics,@rylantics,18200,commentary,FALSE,FALSE,mostPopular,,,431,33014735,FALSE,,,,Humour;Entertainment;Film
UCkWJmb_i4W8yWftjwjNb-yQ,Asif Sardar,@asifsardar9114,18200,commentary,FALSE,FALSE,mostPopular,,,91,30677887,FALSE,,,,Film;Entertainment
UC1TGBJ0FONQ7taa38zkEj9w,TheClippedTV,@theclippedtv,17900,commentary,FALSE,FALSE,mostPopular,US,,31,18796737,FALSE,,,,Entertainment
UC6N2eeEr1VHI4CiJbLmfLTw,Ruta al Corazón,@rutaalcorazon-o8r,17800,commentary,FALSE,FALSE,mostPopular,MX,,88,77990530,FALSE,,,,Lifestyle_(sociology);Entertainment
UC1-tdYewyQD17gRTMegAHJQ,BD Lifestyle Tv,@bdlifestyletv,16800,commentary,FALSE,FALSE,mostPopular,IN,,136,29153293,FALSE,,,,Television_program;Film;Entertainment
UCr6D7ej4UNCr3gS1SnzqoDQ,Va8all,@va8all,15400,commentary,FALSE,FALSE,mostPopular,US,,223,38668437,FALSE,,,,Sport;Basketball;Entertainment
UCgML8W_0a5cUAt-1WZcTPJA,BlackFlash呪,@blackflash-fx,15400,commentary,FALSE,FALSE,mostPopular,US,,20,20912409,FALSE,,,,Entertainment;Film;Lifestyle_(sociology)
UCYOd2TUBB1QPJGHjcC6KqjA,Sunday Football Shorts,@sundayfootballshorts,14100,commentary,FALSE,FALSE,mostPopular,US,,22,13786152,FALSE,,,,Sport;Entertainment;American_football;Association_football
UCyt4gDEqpFeVyftwbKeQ3_g,ABAL,@abalshorts0,13500,commentary,FALSE,FALSE,mostPopular,,,6,45384790,FALSE,,,,Entertainment
UCUgJsZF2OEd6hgC0piO9G7w,Subject.Halfblood,@subject.halfblood,13500,commentary,FALSE,FALSE,mostPopular,,,88,6532248,FALSE,,,,Entertainment
UCIwtPpoAyf_s8UfNO5zG7pQ,Biker Society,@bikersociety,13500,commentary,FALSE,FALSE,mostPopular,GB,,98,84085453,FALSE,,,,Lifestyle_(sociology);Vehicle
UCVwaFYx3udGgTPG7sw7iFaw,Calebbb ,@calebbb-c9i,12800,commentary,FALSE,FALSE,mostPopular,,,14,6533587,FALSE,,,,Entertainment
UCSs00cWmMSDcMvlHkDwOSqg,Niar Bolt,@niarbolt,12600,commentary,FALSE,FALSE,mostPopular,PK,,56,10775636,FALSE,,,,Humour;Entertainment
UC8qikSUX0ag6UbrDGJ8cXug,Petrol Theory,@petroltheory,11500,commentary,FALSE,FALSE,mostPopular,LT,,274,49806258,FALSE,,,,Film;Entertainment;Knowledge;Lifestyle_(sociology)
UCERX3pScXyD4bmRGTF8lgaA,Tiny BabyLogic Al,@tinybabylogical,11300,commentary,FALSE,FALSE,mostPopular,,,13,7777941,FALSE,,,,""
UCC3ReByH7juRG0c4CSBPqmg,Cinevo ,@cinevo-o9c,11300,commentary,FALSE,FALSE,mostPopular,US,,57,66904283,FALSE,,,,Film;Entertainment
UC_DXMJld7233Xc41rnApTcg,FlashCut ,@flashcut-q7l,11200,commentary,FALSE,FALSE,mostPopular,US,,92,60206549,FALSE,,,,Entertainment;Film
UCvMz3SPLChD8cV6eyb8B3NA,alena goat,@alenagoat,11200,commentary,FALSE,FALSE,mostPopular,,,224,31369744,FALSE,,,,Entertainment;Lifestyle_(sociology)
UCXtE3U1qV0mJekxSiTXdQBg,Trassima ,@trassima,10500,commentary,FALSE,FALSE,mostPopular,,,36,4020716,FALSE,,,,Entertainment;Pet;Lifestyle_(sociology)
UCcYHR49vwn0vV5ROUdGTOMA,The Wild Life,@thewildlife-o1m,10400,commentary,FALSE,FALSE,mostPopular,US,,51,24314108,FALSE,,,,Lifestyle_(sociology);Entertainment;Film
UCpZodjj1od4bWtkPHRD-c5A,𝗻𝗶𝘆𝗲𝘇𝗶𝗲,@niyziekpopৎ,10100,commentary,FALSE,FALSE,mostPopular,,,54,26753341,FALSE,,,,Entertainment;Music_of_Asia;Music
UCDWMk4ts_Gct-0ohCtc2fdw,Minale,@minale,4900,commentary,FALSE,FALSE,seed,BR,,268,835939,FALSE,,,,Reggae;Music_of_Latin_America;Music;Pop_music
UCF5CsqGKygzv2WBx7Eg_TRQ,Elementality,@elementality,1730,commentary,FALSE,FALSE,seed,,,85,50181,FALSE,,,,Lifestyle_(sociology);Hobby
UCw_LnTX4iYwMic7q20I4uRQ,Secret Base,@secretbase,423,commentary,FALSE,FALSE,seed,SG,,26,218677,FALSE,,,,Action-adventure_game;Action_game;Video_game_culture;Role-playing_video_game;Puzzle_video_game;Casual_game
UCGmsOf4ZPr9pRzb9m4ij0cg,MrBeat,@mrbeat,222,commentary,FALSE,FALSE,seed,,,26,2581,FALSE,,,,Hip_hop_music;Electronic_music;Music;Pop_music
UCrMUwyaUeb67ySyxXU518-Q,Jamie Foster,@insideamind,124,commentary,FALSE,FALSE,seed,,,0,0,FALSE,,,,""
UCb4xHi3i7upzKMaLrauVFtg,companyman,@companyman,50,commentary,FALSE,FALSE,seed,,,11,15125,FALSE,,,,Entertainment;Lifestyle_(sociology);Film
UCHyzc2Pp_fC5hfTLebF1ZiQ,@fern,@fern,41,commentary,FALSE,FALSE,seed,CA,,0,0,FALSE,,,,""
UCYAe7TEkYwiBC4E0xXi7aBQ,HOOG,@hoog,20,commentary,FALSE,FALSE,seed,,,12,73657,FALSE,,,,Independent_music;Music;Rock_music
UCyB5ssrOlHaXMMCh3KeGUIw,Aperture,@aperture,17,commentary,FALSE,FALSE,seed,,,2,723,FALSE,,,,""
UC0ZA-BqtcAqPXkkazRcLW2g,fey,@supereyepatchwolf,13,commentary,FALSE,FALSE,seed,US,,24,28572,FALSE,,,,Television_program;Entertainment;Film
UCVcy6RnjVxL_0orPBdMM1VQ,kurtis,@kurtis,10,commentary,FALSE,FALSE,seed,,,5,29366,FALSE,,,,Vehicle;Lifestyle_(sociology);Motorsport
UCNEhiA_4Sx98q7uxVSbNNAg,Adam Conover,@adamconover,5,commentary,FALSE,FALSE,seed,,,0,0,FALSE,,,,""
UCJU560D8XJLy37Xjr2sjzVA,Tom Nicholas,@tomnicholas,2,commentary,FALSE,FALSE,seed,,,2,109,FALSE,,,,""
UCqPMJ7XvpLartbvxAqaM0qA,MrBeat,@mrbeat2,0,commentary,FALSE,FALSE,seed,,,2,12,FALSE,,,,""
UCWsDFcIhY2DBi3GB5uykGXA,IShowSpeed,@ishowspeed,61600000,gaming,FALSE,FALSE,mostPopular,US,,2008,11026144387,FALSE,,,,Video_game_culture;Sport;Association_football
UCIPPMRA040LQr5QPyJEbmXA,MrBeast Gaming,@mrbeastgaming,60300000,gaming,FALSE,FALSE,mostPopular,US,,183,11929408974,FALSE,,,,Strategy_video_game;Role-playing_video_game;Video_game_culture;Action-adventure_game;Simulation_video_game;Action_game
UC7_YxT-KID8kRbqZo7MyscQ,Markiplier,@markiplier,38900000,gaming,FALSE,FALSE,mostPopular,US,,5935,23948718851,FALSE,,,,Action_game;Action-adventure_game;Video_game_culture;Role-playing_video_game
UCYzPXprvl5Y-Sf0g4vX-m6g,jacksepticeye,@jacksepticeye,31200000,gaming,FALSE,FALSE,mostPopular,IE,,5345,17765902339,FALSE,,,,Role-playing_video_game;Video_game_culture;Action-adventure_game;Action_game
UCooVYzDxdwTtGYAkcPmOgOw,Brawl Stars,@brawlstars,26300000,gaming,FALSE,FALSE,mostPopular,FI,,470,5095251894,FALSE,,,,Video_game_culture;Action_game
UCKqH_9mk1waLgBiL2vT5b9g,VanossGaming,@vanossgaming,26000000,gaming,FALSE,FALSE,mostPopular,US,,2305,17126328406,FALSE,,,,Action_game;Video_game_culture;Action-adventure_game;Role-playing_video_game
UCke6I9N4KfC968-yRcd5YRg,SSundee,@ssundee,25500000,gaming,FALSE,FALSE,mostPopular,US,,3826,17362962422,FALSE,,,,Simulation_video_game;Action-adventure_game;Video_game_culture;Role-playing_video_game;Action_game
UCzYfz8uibvnB7Yc1LjePi4g,Aphmau,@aphmau,25300000,gaming,FALSE,FALSE,mostPopular,US,,5935,30435969955,FALSE,,,,Action_game;Role-playing_video_game;Video_game_culture;Action-adventure_game;Simulation_video_game
UCD1Em4q90ZUK2R5HKesszJg,Clash of Clans,@clashofclans,21900000,gaming,FALSE,FALSE,mostPopular,,,1544,6632315380,FALSE,,,,Action_game;Strategy_video_game;Video_game_culture
UCVAYy7_zddIx6USjXscV9Vg,Caylus  ,@caylusyt,21600000,gaming,FALSE,FALSE,mostPopular,US,,2459,8969707124,FALSE,,,,Simulation_video_game;Action-adventure_game;Video_game_culture;Action_game;Casual_game;Role-playing_video_game
UCKy1dAqELo0zrOtPkf0eTMw,IGN,@ign,20000000,gaming,FALSE,FALSE,mostPopular,US,en,184286,22168472675,FALSE,,,,Action_game;Video_game_culture;Role-playing_video_game;Action-adventure_game
UCo_IB5145EVNcf8hw1Kku7w,The Game Theorists,@gametheory,19600000,gaming,FALSE,FALSE,mostPopular,US,,932,4755306851,FALSE,,,,Action_game;Video_game_culture;Role-playing_video_game;Action-adventure_game
UCJZam2u1G0syq3kyqrCXrNw,PrestonPlayz,@prestonplayz,17900000,gaming,FALSE,FALSE,mostPopular,US,,1217,8731595111,FALSE,,,,Action-adventure_game;Video_game_culture;Role-playing_video_game;Strategy_video_game;Action_game
UCJHBJ7F-nAIlMGolm0Hu4vg,Maizen,@maizenofficial,17800000,gaming,FALSE,FALSE,mostPopular,US,,1507,15760992720,FALSE,,,,Role-playing_video_game;Video_game_culture;Action-adventure_game
UC2bW_AY9BlbYLGJSXAbjS4Q,Live Speedy,@livespeedy,17600000,gaming,FALSE,FALSE,mostPopular,US,,3170,5461861037,FALSE,,,,Video_game_culture;Entertainment
UCxsk7hqE_CwZWGEJEkGanbA,KreekCraft,@kreekcraft,17300000,gaming,FALSE,FALSE,mostPopular,US,en,7361,7707074317,FALSE,,,,Action_game;Action-adventure_game;Video_game_culture;Role-playing_video_game
UC2wKfjlioOCLP4xQMOWNcgg,Typical Gamer,@typicalgamer,16100000,gaming,FALSE,FALSE,mostPopular,CA,,6604,5764118423,FALSE,,,,Role-playing_video_game;Video_game_culture;Action_game;Action-adventure_game
UCm-X6o81nRsXQTmqpyArkBQ,Flamingo,@flamingo,14700000,gaming,FALSE,FALSE,mostPopular,US,en,2873,12780551871,FALSE,,,,Action-adventure_game;Video_game_culture;Role-playing_video_game;Simulation_video_game;Action_game
UC-g_O9HWb5B0rVDG1hLd5Hw,EYstreem,@eystreem,13900000,gaming,FALSE,FALSE,mostPopular,AU,,2267,6151541609,FALSE,,,,Action-adventure_game;Video_game_culture;Role-playing_video_game;Action_game
UClG8odDC8TS6Zpqk9CGVQiQ,Fortnite,@fortnite,13800000,gaming,FALSE,FALSE,mostPopular,US,,2514,3532430010,FALSE,,,,Action_game;Video_game_culture;Action-adventure_game
UCRkuUgtDAL4XSU5jB40J_wA,Foltyn,@foltynfamily,13600000,gaming,FALSE,FALSE,mostPopular,,,1987,4705042396,FALSE,,,,Role-playing_video_game;Video_game_culture;Action-adventure_game;Action_game;Simulation_video_game
UChd1FPXykD4pust3ljzq6hQ,Thinknoodles,@thinknoodles,13200000,gaming,FALSE,FALSE,mostPopular,US,,7274,6025467809,FALSE,,,,Action_game;Role-playing_video_game;Video_game_culture;Action-adventure_game
UCYSrT9w_V_5wpEahYXTeXUw,JP Plays,@jpplays,12500000,gaming,FALSE,FALSE,mostPopular,BR,,4546,5763998805,FALSE,,,,Role-playing_video_game;Video_game_culture;Action-adventure_game
UCUk7VggtJdo9XYTy3Z5QVAw,ItsFunneh,@itsfunneh,12100000,gaming,FALSE,FALSE,mostPopular,US,,3249,16101556110,FALSE,,,,Simulation_video_game;Action-adventure_game;Video_game_culture;Role-playing_video_game;Action_game
UC_F8DoJf9MZogEOU51TpTbQ,Clash Royale,@clashroyale,11900000,gaming,FALSE,FALSE,mostPopular,,,1027,2831442216,FALSE,,,,Action_game;Video_game_culture;Strategy_video_game
UCHdMK5Ef2El8KbD3L_WgANg,Slogo,@slogo,11700000,gaming,FALSE,FALSE,mostPopular,GB,,7786,9599672114,FALSE,,,,Role-playing_video_game;Action-adventure_game;Video_game_culture;Action_game
UC0eLBYhxW9HC0P9PXQ73mpQ,Cash,@cash,11600000,gaming,FALSE,FALSE,mostPopular,US,,1671,4091181688,FALSE,,,,Action-adventure_game;Video_game_culture;Role-playing_video_game;Action_game
UCsPMNatXCwqyUuJilBT73jg,CaylusBlox,@caylusblox,11200000,gaming,FALSE,FALSE,mostPopular,US,,1086,3563855278,FALSE,,,,Role-playing_video_game;Video_game_culture;Action-adventure_game;Simulation_video_game
UC63anZxfVGHUEmfBAf5w7pw,CaseOh,@caseoh_,11100000,gaming,FALSE,FALSE,mostPopular,US,,2626,2636049095,FALSE,,,,Action-adventure_game;Video_game_culture;Action_game;Casual_game;Simulation_video_game;Role-playing_video_game
UCeBnbqt4VRhotq2TQjkIi2A,LaurenZside,@laurenzside,10400000,gaming,FALSE,FALSE,mostPopular,US,,2385,4975814868,FALSE,,,,Simulation_video_game;Role-playing_video_game;Video_game_culture;Action-adventure_game
UCHudxWzwLDAr06TWFmrP7hQ,Johnny and Marty,@johnnyandmarty,10200000,gaming,FALSE,FALSE,mostPopular,US,,1040,1762595961,FALSE,,,,Action_game;Role-playing_video_game;Video_game_culture;Action-adventure_game;Simulation_video_game
UCvICJHzZEwb_9ckAMohAqzw,Lana's Life,@lanaslifeee,10100000,gaming,FALSE,FALSE,mostPopular,US,,3816,11392033505,FALSE,,,,Simulation_video_game;Video_game_culture;Role-playing_video_game;Action_game;Action-adventure_game
UCj4hfQEWcGtF08SLEZCZc5Q,Vindooly,@vindooly,10000000,gaming,FALSE,FALSE,mostPopular,AU,,1975,9046337113,FALSE,,,,Action_game;Role-playing_video_game;Video_game_culture;Action-adventure_game
UCh5mLn90vUaB1PbRRx_AiaA,MoreSidemen,@moresidemen,9760000,gaming,FALSE,FALSE,mostPopular,GB,,1641,7298816780,FALSE,,,,Action-adventure_game;Action_game;Video_game_culture;Lifestyle_(sociology)
UCDBCCMlFD-hArPbWv38FINA,Daz Games,@dazgames,9550000,gaming,FALSE,FALSE,mostPopular,GB,,1772,3376803739,FALSE,,,,Role-playing_video_game;Action-adventure_game;Video_game_culture;Action_game
UCqVCSWnuOSPm26orvNDTuWQ,TG Plays,@tgplays,9380000,gaming,FALSE,FALSE,mostPopular,US,,2483,4011303396,FALSE,,,,Role-playing_video_game;Action-adventure_game;Video_game_culture;Action_game
UCzXwjTI6c6mVn6oui_p6oiw,SMii7Y,@smii7y,9040000,gaming,FALSE,FALSE,mostPopular,CA,,1438,3902816523,FALSE,,,,Casual_game;Action_game;Video_game_culture;Action-adventure_game;Role-playing_video_game
UCR9Gcq0CMm6YgTzsDxAxjOQ,Grian,@grian,8910000,gaming,FALSE,FALSE,mostPopular,GB,,852,2850724704,FALSE,,,,Action_game;Action-adventure_game;Video_game_culture;Role-playing_video_game
UCETZ7OiW7-wqwb-6hsz3C4w,Bionic,@bionic,8860000,gaming,FALSE,FALSE,mostPopular,US,,1071,3116792111,FALSE,,,,Action_game;Role-playing_video_game;Video_game_culture;Action-adventure_game;Strategy_video_game
UCNvzD7Z-g64bPXxGzaQaa4g,gameranx,@gameranxtv,8650000,gaming,FALSE,FALSE,seed,US,,4904,4585683906,FALSE,,,,Action_game;Video_game_culture;Action-adventure_game;Role-playing_video_game
UCJ2ZDzMRgSrxmwphstrm8Ww,Smosh Games,@smoshgames,8630000,gaming,FALSE,FALSE,mostPopular,US,,4352,4320724236,FALSE,,,,Film;Entertainment;Television_program
UCzEy7pi3B7TIS9cn_sdKK9A,GrayStillPlays,@graystillplays,8610000,gaming,FALSE,FALSE,mostPopular,US,,4451,5304941844,FALSE,,,,Role-playing_video_game;Action-adventure_game;Video_game_culture;Action_game;Puzzle_video_game;Strategy_video_game;Casual_game
UCQHX6ViZmPsWiYSFAyS0a3Q,GothamChess,@gothamchess,8170000,gaming,FALSE,FALSE,mostPopular,US,,3451,6245797037,FALSE,,,,Lifestyle_(sociology);Video_game_culture;Hobby
UCSh__r5HS4Y1xBkccWnV0TA,Nought,@noughtpointfourlive,8070000,gaming,FALSE,FALSE,mostPopular,GB,,4057,3151124225,FALSE,,,,Role-playing_video_game;Action_game;Video_game_culture;Action-adventure_game
UC-kOXc3gBwksVfmndSEz7jg,WILDCAT,@wildcat,8020000,gaming,FALSE,FALSE,mostPopular,US,,2875,3331292168,FALSE,,,,Action_game;Video_game_culture;Action-adventure_game;Role-playing_video_game
UC7c8wbA9yQjzxkj2uyrHrkg,steak,@steak,7790000,gaming,FALSE,FALSE,mostPopular,US,,3373,2802892687,FALSE,,,,Action-adventure_game;Video_game_culture;Role-playing_video_game;Action_game
UCsvn_Po0SmunchJYOWpOxMg,videogamedunkey,@videogamedunkey,7570000,gaming,FALSE,FALSE,mostPopular,US,,1009,4356310927,FALSE,,,,Action-adventure_game;Video_game_culture;Action_game;Role-playing_video_game
UCzTlXb7ivVzuFlugVCv3Kvg,LDShadowLady,@ldshadowlady,7550000,gaming,FALSE,FALSE,mostPopular,GB,,1107,3680516911,FALSE,,,,Action-adventure_game;Video_game_culture;Role-playing_video_game;Simulation_video_game
UCiFyJ_EBmF2XJuR9buWE_3A,Unchained Gaming,@unchainedgaming,7470000,gaming,FALSE,FALSE,mostPopular,FR,,1935,4487297389,FALSE,,,,Action-adventure_game;Video_game_culture;Role-playing_video_game;Action_game
UCrYrcFGGs_nke1MggS8Jvqg,Karl,@karl,7150000,gaming,FALSE,FALSE,mostPopular,US,,281,1452444220,FALSE,,,,Action_game;Role-playing_video_game;Video_game_culture;Action-adventure_game
UCJnH5Ph5O1EZhKiKiNgH9IA,Zoomy,@zoomy_prota,7080000,gaming,FALSE,FALSE,mostPopular,US,,3493,4059165544,FALSE,,,,Role-playing_video_game;Video_game_culture;Action_game
UCrPseYLGpNygVi34QpGNqpA,Ludwig,@ludwig,7080000,gaming,FALSE,FALSE,mostPopular,US,,3108,4388126888,FALSE,,,,Action-adventure_game;Action_game;Video_game_culture;Role-playing_video_game;Entertainment
UCjiXtODGCCulmhwypZAWSag,Jynxzi,@jynxzi,6980000,gaming,FALSE,FALSE,mostPopular,,,2289,2771489172,FALSE,,,,Action-adventure_game;Action_game;Video_game_culture;Role-playing_video_game
UCZBY6V8Lxmwu8gGRBOyO11w,Kubz Scouts,@thekubzscouts,6730000,gaming,FALSE,FALSE,mostPopular,,,3026,2859387376,FALSE,,,,Action_game;Action-adventure_game;Video_game_culture;Role-playing_video_game;Simulation_video_game
UCs0YbZMZhcK1-zlnquUmXzQ,Carter Kench,@carterkench,6680000,gaming,FALSE,FALSE,mostPopular,US,,1346,6073340100,FALSE,,,,Lifestyle_(sociology);Entertainment;Film
UCYn6CZe5UGIyPe9WJb0pTrg,Top5Gaming,@t5g,6550000,gaming,FALSE,FALSE,mostPopular,US,,2403,3501142266,FALSE,,,,Role-playing_video_game;Action-adventure_game;Video_game_culture;Action_game
UCzzF1kdBgwv5RB6rbB6kVSA,Tyler & Snowi,@tylerandsnowi,6400000,gaming,FALSE,FALSE,mostPopular,US,,1393,4479084344,FALSE,,,,Action-adventure_game;Video_game_culture;Role-playing_video_game;Action_game;Simulation_video_game
UCsYQxZGPAUz-QrMfaXePouQ,FedeGames,@fedegames7,6250000,gaming,FALSE,FALSE,mostPopular,MX,,51,619587805,FALSE,,,,Role-playing_video_game;Video_game_culture;Action-adventure_game;Action_game
UClCvmntMJCrerMDSc1WQGNg,Omz,@omz-,6230000,gaming,FALSE,FALSE,mostPopular,,,1335,1814191212,FALSE,,,,Action_game;Role-playing_video_game;Video_game_culture;Action-adventure_game;Simulation_video_game
UCUvw__zQnaI_pcvMy2O0v6g,Ninye,@ninye,5960000,gaming,FALSE,FALSE,mostPopular,US,,372,2838812659,FALSE,,,,Video_game_culture;Entertainment
UCel2B-6wZhvQHRAKXmpm1Ew,special edd,@sauceddie,5950000,gaming,FALSE,FALSE,mostPopular,US,,975,1889354639,FALSE,,,,Role-playing_video_game;Action-adventure_game;Video_game_culture;Action_game
UC0h07r_UgTD0Tc-Dn5XLX3g,Wisp,@wisp,5890000,gaming,FALSE,FALSE,mostPopular,GB,,704,1444707555,FALSE,,,,Action_game;Video_game_culture;Action-adventure_game;Role-playing_video_game
UCRaehQPWXnJ72WmE8nvvKKw,jmancurly,@jmancurly,5870000,gaming,FALSE,FALSE,mostPopular,US,,1767,2690959458,FALSE,,,,Action-adventure_game;Action_game;Video_game_culture;Entertainment
UCZfTWLrTkaoZoSx5fkrAPJA,hxsain,@hxsain,5750000,gaming,FALSE,FALSE,mostPopular,US,,2895,4138909327,FALSE,,,,Video_game_culture;Entertainment
UCjB_adDAIxOL8GA4Y4OCt8g,MM7Games,@mm7games,5640000,gaming,FALSE,FALSE,mostPopular,,,6428,3471848485,FALSE,,,,Action_game;Video_game_culture;Action-adventure_game;Role-playing_video_game
UC9CuvdOVfMPvKCiwdGKL3cQ,GameGrumps,@gamegrumps,5450000,gaming,FALSE,FALSE,mostPopular,US,,10010,7433925695,FALSE,,,,Action-adventure_game;Action_game;Video_game_culture;Role-playing_video_game
UCNDzLI-hyihpAx3zKtwhGZw,Techy Plays,@techy-plays,5330000,gaming,FALSE,FALSE,mostPopular,CA,,1532,1080318842,FALSE,,,,Action_game;Role-playing_video_game;Video_game_culture;Action-adventure_game;Simulation_video_game
UCY0R0Ck6qK2deVTKkfWJIEA,CashBlox,@cashblox,5260000,gaming,FALSE,FALSE,mostPopular,US,,1287,2010129799,FALSE,,,,Action-adventure_game;Video_game_culture;Role-playing_video_game;Simulation_video_game
UCmp5y07YIV6i2jPX4x82hVQ,Hollow,@hollowpoiint,5210000,gaming,FALSE,FALSE,mostPopular,US,,6980,1949751434,FALSE,,,,Role-playing_video_game;Action_game;Video_game_culture;Action-adventure_game
UCmr_vYKbp98f6kdRoer0iVw,PrestonGamez,@prestongamez,5150000,gaming,FALSE,FALSE,mostPopular,US,,542,1127300952,FALSE,,,,Action_game;Role-playing_video_game;Video_game_culture;Action-adventure_game
UCWVSknuLPIRVGWf-4bFKT4Q,Johnny Minecraft,@johnnyminecraftyt,4950000,gaming,FALSE,FALSE,mostPopular,US,,1000,1051273345,FALSE,,,,Action-adventure_game;Video_game_culture;Role-playing_video_game;Action_game;Simulation_video_game
UCFrVj6wBM42y3XuKCAj8n5A,SB737,@sb737,4900000,gaming,FALSE,FALSE,mostPopular,GB,,2418,1984641854,FALSE,,,,Role-playing_video_game;Video_game_culture;Action-adventure_game;Action_game
UCQeRaTukNYft1_6AZPACnog,Asmongold TV  ,@asmontv,4710000,gaming,FALSE,FALSE,mostPopular,US,,7568,5940438308,FALSE,,,,Action-adventure_game;Video_game_culture;Role-playing_video_game;Action_game
UC_NqVr5AA1vziN0ZLR-QiLw,Milo and Chip,@miloandchip,4710000,gaming,FALSE,FALSE,mostPopular,US,,800,3799137573,FALSE,,,,Action-adventure_game;Video_game_culture;Role-playing_video_game;Action_game
UCBGp_XPj3Oudk207UNw_tAg,Doni Bobes,@donibobes,4570000,gaming,FALSE,FALSE,mostPopular,GB,,1773,1386769270,FALSE,,,,Role-playing_video_game;Video_game_culture;Action-adventure_game;Action_game
UC-gW4TeZAlKm7UATp24JsWQ,SMii7Yplus,@smii7yplus,4550000,gaming,FALSE,FALSE,mostPopular,CA,,452,1628451208,FALSE,,,,Action-adventure_game;Video_game_culture;Action_game;Strategy_video_game;Role-playing_video_game
UCRHXUZ0BxbkU2MYZgsuFgkQ,The Spiffing Brit,@thespiffingbrit,4490000,gaming,FALSE,FALSE,seed,GB,,803,1146550586,FALSE,,,,Strategy_video_game;Video_game_culture;Role-playing_video_game;Action_game;Action-adventure_game
UCQmzgjEb7X6--w7CSE1erJg,Slimecicle,@slimecicle,4180000,gaming,FALSE,FALSE,mostPopular,US,,325,746705540,FALSE,,,,Role-playing_video_game;Video_game_culture;Action-adventure_game;Action_game
UC4qdHN4zHhd4VvNy3zNgXPA,SmallishBeans,@smallishbeans,4060000,gaming,FALSE,FALSE,mostPopular,,,2303,1218343488,FALSE,,,,Action_game;Role-playing_video_game;Video_game_culture;Action-adventure_game
UC5_IT4-XpinnvNQwM1e15eQ,W2S+,@w2splus,4040000,gaming,FALSE,FALSE,mostPopular,GB,,249,654854960,FALSE,,,,Lifestyle_(sociology);Video_game_culture;Sports_game
UCHsRtomD4twRf5WVHHk-cMw,TierZoo,@tierzoo,3940000,gaming,FALSE,FALSE,mostPopular,US,,113,500322222,FALSE,,,,Entertainment;Lifestyle_(sociology);Film
UCBODyKF0JMbUd6D9Bklyzbw,Jacob Alpharad,@alpharad,3880000,gaming,FALSE,FALSE,mostPopular,US,,1030,1947786795,FALSE,,,,Role-playing_video_game;Video_game_culture;Action_game
UC_yP2DpIgs5Y1uWC0T03Chw,Joueur Du Grenier,@joueurdugrenier,3870000,gaming,FALSE,FALSE,mostPopular,,,173,1221101909,FALSE,,,,Entertainment;Action_game;Video_game_culture;Action-adventure_game;Role-playing_video_game
UCQFREgqmtkYbI7o9xvEuA-g,Wallibear,@wallibear,3860000,gaming,FALSE,FALSE,mostPopular,US,,786,2202986513,FALSE,,,,Role-playing_video_game;Action-adventure_game;Video_game_culture;Action_game
UCpfXVjy3p5qfR_7EoKpQirQ,The Frustrated Gamer,@thefrustratedgamer,3710000,gaming,FALSE,FALSE,mostPopular,US,,3271,2118236737,FALSE,,,,Action_game;Role-playing_video_game;Video_game_culture;Action-adventure_game;Casual_game;Simulation_video_game
UC8Z766VdGCg9sSySmeL-APQ,Here's Johnny,@heresjohnnyyt,3680000,gaming,FALSE,FALSE,mostPopular,US,,1117,730869547,FALSE,,,,Action-adventure_game;Video_game_culture;Role-playing_video_game
UCkyRXzzqd2DQVRu4xnc0GnA,KAYE,@kaye,3610000,gaming,FALSE,FALSE,mostPopular,US,,1027,946844807,FALSE,,,,Role-playing_video_game;Video_game_culture;Action-adventure_game;Action_game
UCZmIVgXi4Cv82se7-xsoZAw,BeckBroPlays,@beckbroplays,3400000,gaming,FALSE,FALSE,mostPopular,US,,2106,1364208050,FALSE,,,,Action-adventure_game;Video_game_culture;Action_game;Role-playing_video_game
UCaYxyR9mzVlTrOOyZD0XAmA,MMG,@mmg69,3240000,gaming,FALSE,FALSE,mostPopular,US,,3558,2002740184,FALSE,,,,Video_game_culture;Sports_game
UCsA57c8OT0JfnX_yL3Ev1ZQ,Koopekool,@koopekool,3230000,gaming,FALSE,FALSE,mostPopular,GB,,924,1297515636,FALSE,,,,Action_game;Role-playing_video_game;Video_game_culture;Action-adventure_game;Strategy_video_game
UCXrExb1m3VjR0m1_l9luxRQ,PWR,@pwr,3200000,gaming,FALSE,FALSE,mostPopular,AU,,1087,1705161381,FALSE,,,,Action_game;Video_game_culture;Action-adventure_game
UCGLcmUt6Y7YEWdiehVg9QBg,Pack A Puncher,@packapuncher,3200000,gaming,FALSE,FALSE,mostPopular,US,,1379,273781771,FALSE,,,,Action-adventure_game;Action_game;Video_game_culture;Role-playing_video_game
UCBrMq7wkdPWb3PxR-GUR61A,Hay Day,@hayday,3090000,gaming,FALSE,FALSE,mostPopular,FI,,267,448701519,FALSE,,,,Strategy_video_game;Video_game_culture;Simulation_video_game
UCst9GLZ-X47MxWBmx9cCrKA,ZerkaaPlays,@zerkaaplays,3040000,gaming,FALSE,FALSE,mostPopular,GB,,5761,1308480788,FALSE,,,,Action-adventure_game;Video_game_culture;Role-playing_video_game;Action_game;Entertainment
UCRC6cNamj9tYAO6h_RXd5xA,RTGame,@rtgame,2960000,gaming,FALSE,FALSE,mostPopular,IE,en-GB,1280,1542579083,FALSE,,,,Role-playing_video_game;Video_game_culture;Action_game;Action-adventure_game
UCp1VWSTrt2cUBInkn4dUmDA,berleezy,@berleezy,2950000,gaming,FALSE,FALSE,mostPopular,US,,1226,1015529054,FALSE,,,,Action-adventure_game;Video_game_culture;Action_game;Role-playing_video_game
UChZD0fgllE2i-wUlgQV_9pA,CaptainSauce,@captainsauce,2860000,gaming,FALSE,FALSE,mostPopular,,,2240,2131570720,FALSE,,,,Action-adventure_game;Video_game_culture;Role-playing_video_game;Action_game
UCPYZ-R5LQGMeU7QikgxmH8Q,DrDonut,@drdonutt,2820000,gaming,FALSE,FALSE,mostPopular,US,,695,500793549,FALSE,,,,Action-adventure_game;Video_game_culture;Role-playing_video_game;Action_game
UCudlnfkmb1LgK4tSgctPNOQ,DangerouslyFunny,@dangerouslyfunny,2770000,gaming,FALSE,FALSE,mostPopular,CA,,2844,1445341588,FALSE,,,,Action-adventure_game;Role-playing_video_game;Video_game_culture;Action_game;Strategy_video_game;Casual_game;Puzzle_video_game
UCj4zC1Hfj-uc90FUXzRamNw,Phoenix SC,@phoenixsc,2760000,gaming,FALSE,FALSE,mostPopular,AU,,2190,2052283566,FALSE,,,,Action_game;Action-adventure_game;Video_game_culture;Role-playing_video_game
UChR1Yn7YpVrnP-SbsWtjuBA,S2G,@s2g,2730000,gaming,FALSE,FALSE,mostPopular,AE,,2918,1209151846,FALSE,,,,Video_game_culture;Sports_game
UCSAYHSNaY5_UEol4_frPurg,MandJTV,@mandjtv,2680000,gaming,FALSE,FALSE,mostPopular,US,,1232,1149859207,FALSE,,,,Action_game;Video_game_culture;Role-playing_video_game
UCd9TUql8V7J-Xy1RNgA7MlQ,zanny,@theonlyzanny,2670000,gaming,FALSE,FALSE,mostPopular,PH,,712,849289785,FALSE,,,,Role-playing_video_game;Action-adventure_game;Video_game_culture;Action_game;Strategy_video_game
UCeBPTBz1oRnsWsUBnKNNKNw,Joe Bart Games,@joebartgames,2650000,gaming,FALSE,FALSE,mostPopular,US,,736,826377846,FALSE,,,,Role-playing_video_game;Action_game;Video_game_culture;Action-adventure_game
UCr1kbyiJzl-x5YYDxhYJuPw,MoreCaseOh,@morecaseoh,2650000,gaming,FALSE,FALSE,mostPopular,,,2285,668278048,FALSE,,,,Action-adventure_game;Video_game_culture;Action_game;Casual_game;Role-playing_video_game
UCO4rvxZ-bJ6uGDeSkMCmzEg,Bay Area Buggs,@buggs,2620000,gaming,FALSE,FALSE,mostPopular,US,,3443,1671488778,FALSE,,,,Role-playing_video_game;Action-adventure_game;Video_game_culture;Action_game
UCvt0HYxX34vUvqu66HLXeUw,rekrap2,@rekrap2,2570000,gaming,FALSE,FALSE,mostPopular,US,,286,504103692,FALSE,,,,Action_game;Action-adventure_game;Video_game_culture;Role-playing_video_game
UCC540wcJL0DeQlC8lgUP-XQ,FuriousFade,@furiousfade,2570000,gaming,FALSE,FALSE,mostPopular,US,,1105,537118959,FALSE,,,,Action-adventure_game;Video_game_culture;Action_game;Role-playing_video_game
UCj-wTLj0p0YvTkS-9-ACm0A,Blooprint,@blooprint,2510000,gaming,FALSE,FALSE,mostPopular,US,,296,541608170,FALSE,,,,Action-adventure_game;Role-playing_video_game;Video_game_culture;Action_game;Strategy_video_game
UCOb-ws0S8DmfU4nq4M4z6Rw,Aimin,@aiminoc,2480000,gaming,FALSE,FALSE,mostPopular,US,,441,839928472,FALSE,,,,Action-adventure_game;Video_game_culture;Role-playing_video_game;Action_game
UCojEXrCBzO-cP2N5YlRcrWw,Daniel Krafft,@danielkrafft,2450000,gaming,FALSE,FALSE,seed,US,,100,229045545,FALSE,,,,Lifestyle_(sociology);Video_game_culture;Role-playing_video_game
UCifRgVk-GEo1_vvf8x53t6A,Soup,@soup,2440000,gaming,FALSE,FALSE,mostPopular,US,,1234,844433318,FALSE,,,,Role-playing_video_game;Action-adventure_game;Video_game_culture;Action_game
UC9OZkS1Mhl5UvKSiPrYqsxg,WolfeyVGC,@wolfeyvgc,2380000,gaming,FALSE,FALSE,seed,US,,1419,969406697,FALSE,,,,Role-playing_video_game;Video_game_culture;Action_game
UCugG6-k5QGbq_iDEPAnG4NQ,KRAFTON INDIA ESPORTS,@kraftonindiaesports,2300000,gaming,FALSE,FALSE,mostPopular,IN,,2513,935794904,FALSE,,,,Action_game;Video_game_culture
UC72PuhDwKtZ5MikpGNhPAtA,TGG,@tgg_,2260000,gaming,FALSE,FALSE,mostPopular,AU,,1204,686832990,FALSE,,,,Action-adventure_game;Video_game_culture;Action_game;Role-playing_video_game
UC-8zLYB2DB1fFCP3KJxe0Sg,MiniBloxia,@minibloxia,2250000,gaming,FALSE,FALSE,mostPopular,US,,1654,675735710,FALSE,,,,Action_game;Role-playing_video_game;Video_game_culture;Action-adventure_game
UCPq2ETz4aAGo2Z-8JisDPIA,ESL Counter-Strike,@eslcs,2230000,gaming,FALSE,FALSE,mostPopular,DE,,4757,1292458260,FALSE,,,,Action_game;Video_game_culture
UCodkNmk9oWRTIYZdr_HuSlg,GoodTimesWithScar,@goodtimeswithscar,2220000,gaming,FALSE,FALSE,mostPopular,US,,1535,351438209,FALSE,,,,Action_game;Role-playing_video_game;Video_game_culture;Action-adventure_game
UCzCzMjtMD4vCWVgbmv4uq0Q,Kevko,@kevkoyt,2210000,gaming,FALSE,FALSE,mostPopular,FR,,2297,855970535,FALSE,,,,Role-playing_video_game;Video_game_culture;Action-adventure_game;Action_game
UCtUbO6rBht0daVIOGML3c8w,Summoning Salt,@summoningsalt,2150000,gaming,FALSE,FALSE,seed,US,,82,288929356,FALSE,,,,Sports_game;Video_game_culture;Action_game
UCSdma21fnJzgmPodhC9SJ3g,NakeyJakey,@nakeyjakey,2120000,gaming,FALSE,FALSE,seed,US,,131,244543821,FALSE,,,,Role-playing_video_game;Action_game;Video_game_culture;Action-adventure_game
UCbzZFTHge5zk2yebSiWRZRg,Beh2inga,@beh2inga,2120000,gaming,FALSE,FALSE,mostPopular,GB,,2774,330248454,FALSE,,,,Action_game;Lifestyle_(sociology);Video_game_culture;Action-adventure_game
UCeGGpOehPGG7vQMUVc7tG8Q,Saberspark,@saberspark,2070000,gaming,FALSE,FALSE,seed,US,,851,750326163,FALSE,,,,Film;Entertainment;Lifestyle_(sociology)
UCMNEVbszv8ZyvSXoTn3yhpQ,TheBurntPeanut,@theburntpeanut,2050000,gaming,FALSE,FALSE,seed,,,1511,616416738,FALSE,,,,Action-adventure_game;Video_game_culture;Action_game;Strategy_video_game;Role-playing_video_game
UCnhZnnJOx-WnAH7HINmS8qQ,Danny Aarons,@dannyaarons,2000000,gaming,FALSE,FALSE,mostPopular,GB,,3959,1317775319,FALSE,10,1,0,Sports_game;Video_game_culture
UCbLj9QP9FAaHs_647QckGtg,World of Warcraft,@warcraft,1990000,gaming,FALSE,FALSE,mostPopular,US,,2375,907426919,FALSE,19,1,0,Action_game;Strategy_video_game;Video_game_culture;Role-playing_video_game;Action-adventure_game
UCkaUtMpy3DU0L-q28pD62Ig,NepentheZ,@nepenthez,1960000,gaming,FALSE,TRUE,mostPopular,GB,,8567,1041010755,FALSE,34,1,0.441176470588235,Video_game_culture;Sports_game
UCpHCfDBZ3AJyuofz6DHy-ew,Dash,@dash-mc,1920000,gaming,FALSE,FALSE,mostPopular,,,1625,1146362068,FALSE,50,1,0,Role-playing_video_game;Video_game_culture;Action-adventure_game;Action_game
UCyuZJX-7TRge_JG3-lUeIjA,jetski,@jetski2saucy,1850000,gaming,FALSE,FALSE,mostPopular,US,,307,269776989,FALSE,50,1,0,Action_game;Role-playing_video_game;Video_game_culture;Action-adventure_game
UCMnULQ6F6kLDAHxofDWIbrw,Pirate Software,@piratesoftware,1800000,gaming,FALSE,FALSE,seed,US,,1910,2407242948,FALSE,28,1,0,Role-playing_video_game;Video_game_culture;Action_game;Puzzle_video_game;Action-adventure_game
UCsC--WvN66vZlDoYShzn4sA,Oxhorn,@oxhorn,1770000,gaming,FALSE,FALSE,seed,US,,4034,986586036,FALSE,14,1,0,Action-adventure_game;Role-playing_video_game;Video_game_culture;Action_game;Strategy_video_game
UCqJ-Xo29CKyLTjn6z2XwYAw,Game Maker's Toolkit,@gmtk,1740000,gaming,FALSE,FALSE,seed,GB,,237,221802552,FALSE,21,1,0,Action-adventure_game;Video_game_culture;Role-playing_video_game;Puzzle_video_game;Strategy_video_game;Action_game
UC8kCtPyCPg50n3XjmjRraGw,Lythero,@lythero,1740000,gaming,FALSE,FALSE,seed,IE,,787,625803447,FALSE,0,,0,Action_game;Video_game_culture;Role-playing_video_game
UC4_FwMP_wlOYb8yvZkdKJeA,SmashBits Animations,@smashbits,1710000,gaming,FALSE,FALSE,mostPopular,US,,293,425045219,FALSE,10,1,0,Entertainment;Film;Video_game_culture;Role-playing_video_game
UCD6VugMZKRhSyzWEWA9W2fg,SsethTzeentach,@ssethtzeentach,1620000,gaming,FALSE,FALSE,seed,DK,,107,392969383,FALSE,9,1,0,Strategy_video_game;Action-adventure_game;Role-playing_video_game;Video_game_culture;Action_game
UCYqsJbDDngvxb_rbHzHpYGA,Magic The Noah,@magicthenoah,1610000,gaming,FALSE,FALSE,mostPopular,,,291,267247362,FALSE,46,1,0,Video_game_culture
UCIPKDdl4776Bmw7lJYvZzLg,KingSammelot,@kingsammelot,1610000,gaming,FALSE,FALSE,mostPopular,US,,639,374702365,FALSE,38,1,0,Action_game;Video_game_culture;Lifestyle_(sociology)
UCOfyvsftRqM5yyqpT392b4A,Dash Roblox,@daashr,1590000,gaming,FALSE,FALSE,mostPopular,,,1656,1056167624,FALSE,50,1,0,Simulation_video_game;Action-adventure_game;Video_game_culture;Role-playing_video_game;Action_game
UCF2T5SJP8fKB7eubgvwEDxg,3FS,@3fs,1590000,gaming,FALSE,FALSE,mostPopular,US,,398,298043780,FALSE,50,1,0,Action_game;Role-playing_video_game;Video_game_culture;Action-adventure_game
UC8vXGfLggx4CAFsr2i0IoRA,TWOSYNC,@twosync,1580000,gaming,FALSE,TRUE,mostPopular,GB,,4716,843546004,FALSE,15,1,0.333333333333333,Sports_game;Video_game_culture;Simulation_video_game
UC4-nMKVjRRxnsiav0fYp1ig,Deji 2nd,@deji2nd,1530000,gaming,FALSE,FALSE,mostPopular,,,752,229521732,FALSE,50,1,0,Entertainment;Video_game_culture;Action-adventure_game;Action_game
UCl9sSKAcaZ4vpXDJsZ6af5g,Shrekyou21,@shrekyou21,1520000,gaming,FALSE,FALSE,mostPopular,US,,1133,227276557,FALSE,42,1,0,Music;Video_game_culture;Action_game
UCeTfBygNb1TahcNpZyELO8g,Jacob Geller,@jacobgeller,1490000,gaming,FALSE,FALSE,seed,,,124,161978108,FALSE,21,1,0,Role-playing_video_game;Action_game;Video_game_culture;Action-adventure_game
UC2vQdergcFuZIZ5ufQiPnbg,CaylusCraft,@cayluscraft,1470000,gaming,FALSE,FALSE,mostPopular,US,hy,75,106990354,FALSE,40,1,0,Action-adventure_game;Video_game_culture;Role-playing_video_game;Simulation_video_game;Action_game
UCz6XquIbM5OcfK7r3hQQCXA,Ludwin,@ludwinclips,1470000,gaming,FALSE,FALSE,mostPopular,,,1874,1347800984,FALSE,50,1,0,Action_game;Video_game_culture;Role-playing_video_game
UCtwOgy4vDxfGmsHR0YMVufg,The Boys Gaming,@yeptheboysgaming,1400000,gaming,FALSE,FALSE,mostPopular,US,,247,345316258,FALSE,41,1,0,Action_game;Video_game_culture;Action-adventure_game;Role-playing_video_game
UCzlUw75H5ILJ2l_ackxyI6A,More Techy,@more-techy,1390000,gaming,FALSE,FALSE,mostPopular,,,934,596808775,FALSE,50,1,0,Simulation_video_game;Action-adventure_game;Video_game_culture;Role-playing_video_game
UCk56ama_RvUkMzexS8I9SIQ,Branzy,@branzy,1380000,gaming,FALSE,FALSE,mostPopular,US,,190,185651151,FALSE,25,1,0,Role-playing_video_game;Video_game_culture;Action-adventure_game;Action_game
UCOC5YUqfdbwlnpeMfSTx26Q,CashPlays,@cashplays,1350000,gaming,FALSE,FALSE,mostPopular,US,,374,348247660,FALSE,50,1,0,Simulation_video_game;Action_game;Video_game_culture;Action-adventure_game;Role-playing_video_game
UC7-hR5EfgpM6oHfiGDkxfMA,Tolarian Community College,@tolariancommunitycollege,1340000,gaming,FALSE,TRUE,mostPopular,US,,2156,688814575,FALSE,34,1,0.176470588235294,Video_game_culture;Strategy_video_game;Lifestyle_(sociology);Hobby
UCA1d3HFGFUmkKr2JIUA5Vlw,VALORANT Champions Tour,@valorantesports,1320000,gaming,FALSE,FALSE,mostPopular,US,,4153,427914637,FALSE,15,1,0,Video_game_culture;Action_game
UCTU3m4rCUS-7qXuHK-j9Uqw,TechyCrew,@techy-crew,1280000,gaming,FALSE,FALSE,mostPopular,,,902,802858487,FALSE,50,1,0,Simulation_video_game;Action-adventure_game;Video_game_culture;Action_game;Role-playing_video_game
UCiFOL6V9KbvxfXvzdFSsqCw,Ken,@kenforrest,1260000,gaming,FALSE,FALSE,mostPopular,AU,,1182,501378636,FALSE,47,1,0,Role-playing_video_game;Action_game;Video_game_culture;Strategy_video_game;Action-adventure_game
UCVJySEgGPUCnSCrtAmWiKcw,TechyCraft,@techycraft,1250000,gaming,FALSE,FALSE,mostPopular,CA,,158,186825065,FALSE,50,1,0,Action_game;Action-adventure_game;Video_game_culture;Role-playing_video_game;Simulation_video_game
UC4peNo-31r7fhQZgu0_JRIA,Sheshounet,@sheshounet,1240000,gaming,FALSE,FALSE,mostPopular,FR,,280,277664121,FALSE,33,0,0,Action-adventure_game;Role-playing_video_game;Video_game_culture;Action_game
UC8DlzSaYnLh1TT40sBkUtFg,LSPLASH,@lsplash,1220000,gaming,FALSE,FALSE,mostPopular,,,71,114634791,FALSE,0,,0,Casual_game;Role-playing_video_game;Video_game_culture;Action-adventure_game;Action_game
UCK9_x1DImhU-eolIay5rb2Q,ACG,@acgreviews,1210000,gaming,FALSE,FALSE,seed,US,en,1598,220965561,FALSE,50,1,0,Role-playing_video_game;Action_game;Video_game_culture;Action-adventure_game
UC17vsYVoIwch5UzPar1LDmQ,ymfah,@ymfah,1190000,gaming,FALSE,FALSE,seed,US,en,207,272095292,FALSE,6,1,0,Role-playing_video_game;Video_game_culture;Action-adventure_game;Strategy_video_game;Action_game
UCt-HTfaCUz8QIoknqyXKYiw,Wirtual,@wirtual,1190000,gaming,FALSE,FALSE,seed,NO,,80,165053724,FALSE,3,1,0,Racing_video_game;Video_game_culture;Simulation_video_game
UCEhXgFYqG5kOkOkwUF-xvtg,Grxnt,@grxnt,1180000,gaming,FALSE,FALSE,mostPopular,US,,2499,150165604,FALSE,38,1,0,Action-adventure_game;Role-playing_video_game;Video_game_culture;Action_game
UCjsL27GqCsjNo2YE0d8CdFw,Waffloos,@waffloos,1140000,gaming,FALSE,FALSE,mostPopular,US,,393,247339559,FALSE,50,1,0,Role-playing_video_game;Action-adventure_game;Video_game_culture;Action_game
UC3ZhM0fDxU9bqqlwWRMHwuw,Doggie,@doggiedasher,1120000,gaming,FALSE,FALSE,mostPopular,US,,774,230538030,FALSE,44,1,0,Music_video_game;Video_game_culture;Action_game
UCCo6EC0MOfJSnHbD3LI6iFA,spoonkid2,@spoonkid2169,1110000,gaming,FALSE,TRUE,mostPopular,US,,614,523578160,FALSE,50,1,0.28,Action-adventure_game;Video_game_culture;Action_game;Strategy_video_game;Role-playing_video_game
UCu7ODDeIZ4x1rJwM1LCVL8w,Thebausffs,@thebausffs,1100000,gaming,FALSE,FALSE,mostPopular,SE,,1217,691769194,FALSE,50,1,0,Action_game;Video_game_culture;Strategy_video_game;Role-playing_video_game
UCi7ooXJseJkCAxFkLNumjQw,uuest,@uuest,1090000,gaming,FALSE,FALSE,mostPopular,,,976,1025462649,FALSE,4,1,1,Simulation_video_game;Racing_video_game;Video_game_culture;Sports_game
UCDiznUV6dtdB9PQj__XVhnA,Two Much Grian,@twomuchgrian,1050000,gaming,FALSE,FALSE,mostPopular,GB,,206,176136942,FALSE,49,1,0,Role-playing_video_game;Video_game_culture;Action-adventure_game;Action_game
UC7xpeYGGwMo_h3rXmRLfZyg,Ninjagaming,@ninjagamingrblx,1030000,gaming,FALSE,FALSE,mostPopular,CA,,1010,123473363,FALSE,49,1,0,Action_game;Video_game_culture;Role-playing_video_game
UCoRjsuzMh-MqfRjvlqaVLPw,Techys,@techys-yt,1000000,gaming,FALSE,FALSE,mostPopular,,,205,202222686,FALSE,50,1,0,Action-adventure_game;Video_game_culture;Role-playing_video_game;Simulation_video_game
UClOGLGPOqlAiLmOvXW5lKbw,MandaloreGaming,@mandaloregaming,997000,gaming,FALSE,FALSE,seed,US,,142,298589262,FALSE,11,1,0,Role-playing_video_game;Video_game_culture;Action-adventure_game;Strategy_video_game;Action_game
UC8nZUXCwCTffxthKLtOp6ng,Splattercatgaming,@splattercatgaming,990000,gaming,FALSE,FALSE,seed,,,8442,505066208,FALSE,50,1,0,Action-adventure_game;Video_game_culture;Role-playing_video_game;Action_game;Strategy_video_game
UCXWfmXteFx5KLLBnxV0fq7A,AuzioMF,@auziomf,980000,gaming,FALSE,FALSE,mostPopular,GB,,4843,902311004,FALSE,24,1,0,Video_game_culture;Sports_game
UCX8NCCNOTsu_8xonYuLTq2g,DhTekKz,@dhtekkz,971000,gaming,FALSE,TRUE,mostPopular,,,589,140117822,FALSE,45,1,0.0222222222222222,Simulation_video_game;Video_game_culture;Sports_game
UC6nNFbnwI9bee0ep5oaHfkA,LookOut2DD,@lookout2dd,951000,gaming,FALSE,FALSE,mostPopular,US,,37,118285491,FALSE,37,1,0,Action-adventure_game;Video_game_culture;Role-playing_video_game
UCbUXiv7ro8Pm8NZkQQjXCMA,StundZow Gaming,@stundzowoff,948000,gaming,FALSE,FALSE,mostPopular,FR,,472,291745518,FALSE,50,0,0,Simulation_video_game;Action_game;Video_game_culture;Action-adventure_game;Role-playing_video_game
UC8WAaaW2FnctRI9coYJoUdA,City Planner Plays,@cityplannerplays,938000,gaming,FALSE,TRUE,mostPopular,US,,941,239668481,FALSE,50,1,0.16,Simulation_video_game;Video_game_culture;Strategy_video_game;Role-playing_video_game
UCdtoloDKybNstNxtT38YTAg,Daaash,@daaashr,913000,gaming,FALSE,FALSE,mostPopular,,,827,405256254,FALSE,50,1,0,Action_game;Action-adventure_game;Video_game_culture;Role-playing_video_game
UCLsiaNUb42gRAP7ewbJ0ecQ,The Command Zone,@commandcast,893000,gaming,FALSE,TRUE,mostPopular,US,,1264,394587636,FALSE,20,1,1,Video_game_culture;Hobby;Lifestyle_(sociology);Strategy_video_game
UCf-vV5woXPFpkvZKwooWoyw,WirtualTV,@wirtualtv,885000,gaming,FALSE,TRUE,mostPopular,NO,,1368,501767528,FALSE,48,1,0.0833333333333333,Video_game_culture;Racing_video_game
UC4lFxxkm5q5_EiEWJVJxImg,Brook,@thisisbrook,871000,gaming,FALSE,FALSE,mostPopular,US,,353,185256560,FALSE,50,1,0,Role-playing_video_game;Video_game_culture;Simulation_video_game;Action_game;Action-adventure_game
UC7-e4BVU4SueDRU00h48d-A,WorstPremadeEver,@worstpremadeever,870000,gaming,FALSE,FALSE,mostPopular,GB,,1309,487171469,FALSE,9,1,0,Role-playing_video_game;Action_game;Video_game_culture;Action-adventure_game
UCbXIt5MtclbWKts5eHQsmew,Toinelag Gaming,@toinelaggaming,869000,gaming,FALSE,FALSE,mostPopular,FR,,93,189225931,FALSE,44,0,0.0227272727272727,Action-adventure_game;Video_game_culture;Action_game
UCqrdqFnxnZ_3TUYYK5yGi8g,Brook and Riley,@brookandriley,812000,gaming,FALSE,FALSE,mostPopular,US,,713,201333840,FALSE,50,1,0,Role-playing_video_game;Video_game_culture;Action-adventure_game;Simulation_video_game
UCXDb7USogA0cr9nFsHcqtjw,jenn,@jenn,806000,gaming,FALSE,FALSE,mostPopular,US,,659,154774024,FALSE,50,1,0,Action_game;Action-adventure_game;Video_game_culture;Role-playing_video_game;Simulation_video_game
UC-8KVa-TUe6LtfPFICAXyFA,DannyAaronsRTG,@dannyaaronsrtg,804000,gaming,FALSE,FALSE,mostPopular,GB,,2908,566642004,FALSE,39,1,0,Simulation_video_game;Video_game_culture;Sports_game
UCw9rjdrpHa7mzNrWVJoaPgw,MoreS2G,@mores2g,804000,gaming,FALSE,FALSE,mostPopular,AE,,794,234337458,FALSE,44,1,0,Sports_game;Video_game_culture;Action-adventure_game
UC7WQH4kpgxXJYHp8r9IAO-Q,ISAB,@btdisab,793000,gaming,FALSE,FALSE,mostPopular,CA,,2954,685324957,FALSE,35,1,0,Strategy_video_game;Video_game_culture;Role-playing_video_game;Action_game
UCcpIdXCr3MjAQEWSEjpGUNg,Joelemz,@joelemz,768000,gaming,FALSE,TRUE,mostPopular,AU,,83,103387052,FALSE,13,1,0.384615384615385,Role-playing_video_game;Action_game;Video_game_culture;Action-adventure_game
UCgSHGbs2oGoLItc-8y5hJ9g,STAR_,@ster,755000,gaming,FALSE,FALSE,seed,US,,113,105902589,FALSE,37,1,0,Action-adventure_game;Action_game;Video_game_culture;Role-playing_video_game
UCCsNkIloRVAF5kxTxORaYTg,Jefe,@donjefe_,747000,gaming,FALSE,FALSE,mostPopular,US,,191,107315699,FALSE,49,1,0,Role-playing_video_game;Action-adventure_game;Video_game_culture;Action_game
UCh9CDXTQg_Pd-dMYgTz7LNg,Nubo,@nubo_roblox,737000,gaming,FALSE,FALSE,mostPopular,FR,,246,222054011,FALSE,28,0,0,Action-adventure_game;Video_game_culture;Role-playing_video_game;Action_game
UCcIKDdClybN7AWT4OHcMWzQ,Doaenel ,@doaenelyt,731000,gaming,FALSE,FALSE,mostPopular,,,2489,218237346,FALSE,50,1,0,Strategy_video_game;Action_game;Video_game_culture;Role-playing_video_game
UCOnECY8FBKKPVi5ZsSgXPJA,RDC Live,@rdclive1,688000,gaming,FALSE,FALSE,mostPopular,US,,1281,468906839,FALSE,45,1,0,Action-adventure_game;Video_game_culture;Action_game;Role-playing_video_game
UCkc2HMr92d89WP6tPFf1DWA,Sword Extra,@swordextra,652000,gaming,FALSE,FALSE,mostPopular,GB,,174,106266431,FALSE,48,1,0,Strategy_video_game;Action-adventure_game;Video_game_culture;Role-playing_video_game;Action_game
UC1JTQBa5QxZCpXrFSkMxmPw,Raycevick,@raycevick,651000,gaming,FALSE,FALSE,seed,CA,,89,74307188,FALSE,4,1,0,Role-playing_video_game;Action-adventure_game;Video_game_culture;Action_game
UCOFiUtKui6-x4T-J7_DgCag,Caedrel,@caedrel,641000,gaming,FALSE,FALSE,mostPopular,GB,,1463,321498646,FALSE,50,1,0,Role-playing_video_game;Action_game;Video_game_culture;Strategy_video_game
UCGkEZAV34aWfgKqawCVgjbA,Lazy Mattman,@lazymattman,637000,gaming,FALSE,FALSE,mostPopular,US,,1526,447287638,FALSE,50,1,0,Strategy_video_game;Video_game_culture;Role-playing_video_game;Action_game
UCzybXLxv08IApdjdN0mJhEg,The Witcher,@thewitcher,618000,gaming,FALSE,FALSE,mostPopular,PL,,280,167169985,FALSE,10,1,0,Role-playing_video_game;Video_game_culture;Action_game;Action-adventure_game
UC5aATYG-mEny8VBUzf2TIjQ,AussieAntics,@aussieantics,588000,gaming,FALSE,FALSE,mostPopular,AU,,1814,191412433,FALSE,38,1,0,Action_game;Video_game_culture;Action-adventure_game;Role-playing_video_game
UCvVefNs55PdT3wclXGXZVWw,Periado ,@periado,586000,gaming,FALSE,FALSE,mostPopular,FR,,2598,383904636,FALSE,18,0,0,Action_game;Video_game_culture
UC_hzV1UIVP1yKmU_kVN3tFQ,SourSweet,@soursweet,574000,gaming,FALSE,FALSE,mostPopular,GB,,183,73216568,FALSE,25,1,0,Action_game;Video_game_culture;Action-adventure_game;Strategy_video_game;Role-playing_video_game
UCnyP4sbJVIU9JqHz4l6oQZw,Smant,@smallantclips,559000,gaming,FALSE,FALSE,mostPopular,CA,,1451,707464105,FALSE,41,1,0,Role-playing_video_game;Video_game_culture;Action_game;Action-adventure_game
UCHrGDw55WvNHvlX1SFoHxhA,NepentheZ 2,@nepenthe2,554000,gaming,FALSE,FALSE,mostPopular,GB,,3203,257702247,FALSE,45,1,0,Strategy_video_game;Video_game_culture;Sports_game
UCOvz3kkYZtCTeXKdiuMG8eg,MadSeasonShow,@madseasonshow,531000,gaming,FALSE,TRUE,mostPopular,US,,788,148178135,FALSE,49,1,0.326530612244898,Strategy_video_game;Video_game_culture;Role-playing_video_game;Action_game;Simulation_video_game;Action-adventure_game
UCB2ymZNDRo4sm-SXVPykMbA,Pepper,@justapepper,523000,gaming,FALSE,FALSE,mostPopular,,,185,160589940,FALSE,46,1,0,Role-playing_video_game;Video_game_culture;Action-adventure_game;Simulation_video_game;Action_game
UC2wac-sRkNMPSFEnaOHCL3g,Wanderbots,@wanderbots,522000,gaming,FALSE,FALSE,seed,US,,26089,289039350,FALSE,50,1,0,Action-adventure_game;Strategy_video_game;Video_game_culture;Role-playing_video_game;Puzzle_video_game;Action_game
UC0zHw3DRqxCCG0byWSw4Bcg,Ned Luke,@ned_luke,519000,gaming,FALSE,FALSE,mostPopular,US,,464,32986209,FALSE,9,1,0,Action_game;Video_game_culture;Action-adventure_game;Role-playing_video_game
UCPKhwe5ok7BLniu-WWVSrxw,Legendary Drops,@legendarydrops,516000,gaming,FALSE,FALSE,mostPopular,US,,1265,294936822,FALSE,5,1,0.2,Action-adventure_game;Video_game_culture;Action_game
UClK4fpmIAz8V1BVafysM2WA,Best Of du Grenier,@bestofdugrenier,507000,gaming,FALSE,FALSE,mostPopular,FR,,618,355999953,FALSE,47,0,0,Role-playing_video_game;Action_game;Video_game_culture;Action-adventure_game
UCpihR1Q2f5EQTEn5UfVlRrw,Gentle Mates,@teamgentlemates,505000,gaming,FALSE,FALSE,mostPopular,FR,,553,105536336,FALSE,9,0,0,Entertainment;Video_game_culture;Action_game
UCY0mmws6QfG3Mv4nixIlVqQ,ShakTV,@shaktv,503000,gaming,FALSE,FALSE,mostPopular,AU,,353,143705540,FALSE,50,1,0,Film;Lifestyle_(sociology);Entertainment
UCdnsG1b0dlmy0b6dIyIJkyg,FroggyDude Gaming,@froggydudegaming,496000,gaming,FALSE,FALSE,mostPopular,,,32,61804314,FALSE,12,1,0,Action_game;Action-adventure_game;Video_game_culture;Role-playing_video_game
UCEQ7KR9enYdQsB6kcMnw0NA,Mortismal Gaming,@mortismalgaming,492000,gaming,FALSE,FALSE,seed,US,,2366,175786467,FALSE,50,1,0,Action-adventure_game;Role-playing_video_game;Video_game_culture;Strategy_video_game;Action_game
UCkdKwZd1rLTWFrmF2RrQ8OQ,NO_DATA,@no_data,461000,gaming,FALSE,FALSE,mostPopular,US,,1253,161379417,FALSE,34,1,0,Action_game;Role-playing_video_game;Video_game_culture;Action-adventure_game;Casual_game
UCv8Aew4gfU4lZEkgoK0hVkw,nickrtfm2,@nickrtfm2,445000,gaming,FALSE,FALSE,mostPopular,US,,1992,166422269,FALSE,50,1,0,Sports_game;Video_game_culture;Simulation_video_game
UCnXVz_l-_r_sLXNe1ESDhHA,Coffee Stain Studios,@coffeestainstudios,431000,gaming,FALSE,FALSE,mostPopular,SE,,404,172229192,FALSE,35,1,0,Role-playing_video_game;Action_game;Video_game_culture;Action-adventure_game;Strategy_video_game;Simulation_video_game
UC7ZUmtySp0bx2lw_1VGw3Yg,supertf,@supertf,425000,gaming,FALSE,FALSE,mostPopular,US,,769,246808585,FALSE,26,1,0,Action-adventure_game;Video_game_culture;Action_game;Strategy_video_game;Role-playing_video_game
UCXsIAx0Zcf2ObW-Lerv9Sbw,SSundeePlus,@ssundeeplus,421000,gaming,FALSE,FALSE,mostPopular,US,,5,6698199,FALSE,,,,""
UCW2JcUbafBUzIYP6X1-3YJQ,Mastu +,@masturediffusions,406000,gaming,FALSE,FALSE,mostPopular,FR,,134,58090550,FALSE,50,0,0,Action-adventure_game;Video_game_culture;Role-playing_video_game;Action_game
UCAea1C_i5EL0Bu48FM-N6Qw,Ali-A²,@aliav2,396000,gaming,FALSE,TRUE,mostPopular,GB,,349,130352119,FALSE,50,1,1,Action_game;Video_game_culture;Action-adventure_game;Role-playing_video_game
UCK045mDx8Pf9DpPG-kX8YUg,RadicalSoda,@radicalsoda,394000,gaming,FALSE,FALSE,mostPopular,NZ,,189,74719241,FALSE,23,0.956521739130435,0,Action-adventure_game;Action_game;Video_game_culture;Role-playing_video_game
UC1fKT0wuhchtclPqpdWEnHw,NeverKnowsBest,@neverknowsbest,375000,gaming,FALSE,FALSE,seed,,,77,51492233,FALSE,17,1,0,Action_game;Role-playing_video_game;Video_game_culture;Action-adventure_game;Strategy_video_game
UC5MjLXU6r4hhTE39CAekJhw,Riley,@rileybrookhaven,374000,gaming,FALSE,FALSE,mostPopular,US,,176,54979714,FALSE,50,1,0,Simulation_video_game;Video_game_culture;Role-playing_video_game;Action_game
UC4Uw_YzBBg0LuLSx9EMgSwA,JudeHigh,@judelosasso2,345000,gaming,FALSE,FALSE,mostPopular,,,271,198421722,FALSE,1,1,0,Role-playing_video_game;Video_game_culture;Action_game;Action-adventure_game
UCj9LqhHxYUOU6_J4Z3x7lKw,GTA HYPE,@gtahype7,339000,gaming,FALSE,FALSE,mostPopular,US,,252,242929211,FALSE,49,1,0,Action-adventure_game;Video_game_culture;Role-playing_video_game
UCDsdjYgVORwLficCmpZi8eg,Edward,@edwardretrodecouverte,329000,gaming,FALSE,FALSE,mostPopular,,,623,117302249,FALSE,41,0,0,Action-adventure_game;Role-playing_video_game;Video_game_culture;Action_game
UC_O58Rr2DOskJvs9bArpLkQ,The Library of Letourneau,@thelibraryofletourneau,320000,gaming,FALSE,FALSE,mostPopular,US,,5665,428972971,FALSE,24,1,0,Entertainment;Video_game_culture
UChqs2-BACUCZGvD14SdvxuQ,Dead Meat Games,@deadmeat-games,300000,gaming,FALSE,FALSE,mostPopular,US,,252,16174286,FALSE,27,1,0,Action-adventure_game;Video_game_culture;Action_game;Role-playing_video_game
UC4Xj6emHTXnKHUq8btUuN6A,Retromation,@retromation,291000,gaming,FALSE,FALSE,seed,US,,9870,163264699,FALSE,50,1,0,Puzzle_video_game;Strategy_video_game;Video_game_culture;Role-playing_video_game;Action-adventure_game;Action_game
UClvKcTiaLCX5Li7hRMZdO6g,WyLL,@wyll_,285000,gaming,FALSE,FALSE,mostPopular,,,47,13369000,FALSE,23,1,0,Action_game;Role-playing_video_game;Video_game_culture;Action-adventure_game
UCRi4YlWuLFCucOx_rk-ddsg,ApparentlyJack,@apparentlyjackrl,284000,gaming,FALSE,FALSE,mostPopular,GB,,1259,77528914,FALSE,50,1,0,Racing_video_game;Video_game_culture;Action_game;Sports_game
UC0j1MpbiTFHYrUjOTwifW_w,Old School RuneScape,@oldschoolrunescape,267000,gaming,FALSE,FALSE,mostPopular,GB,,1110,63636301,FALSE,38,1,0,Action-adventure_game;Role-playing_video_game;Video_game_culture;Strategy_video_game;Action_game
UCGpr8LIrdwrEak3GuZLQPwg,RuneScape,@runescape,266000,gaming,FALSE,FALSE,mostPopular,GB,en-GB,1758,77766632,FALSE,5,1,0,Strategy_video_game;Action-adventure_game;Video_game_culture;Role-playing_video_game;Action_game
UCSF_aFGIIIoWY30GVV19TKA,LCS,@lcs,265000,gaming,FALSE,FALSE,mostPopular,US,,2914,222719614,FALSE,20,1,0,Action_game;Video_game_culture;Strategy_video_game
UCyXsGEVtsqMzpCl9KmctYnw,GeminiTwo,@geminitwo,261000,gaming,FALSE,FALSE,mostPopular,CA,,242,35056269,FALSE,49,1,0,Action_game;Action-adventure_game;Video_game_culture;Role-playing_video_game
UCmkZ1Ff3bk_rZK3LX8izE4A,PrestonPlayz Top Videos,@prestonplayztopvideos,253000,gaming,FALSE,FALSE,mostPopular,US,,120,62762502,FALSE,50,1,0,Role-playing_video_game;Video_game_culture;Action-adventure_game;Action_game
UCO9US9tHbfyTD3eGJEbD1Ig,Bind,@bindmove,251000,gaming,FALSE,TRUE,mostPopular,US,,42,22496645,FALSE,37,1,0.108108108108108,Action_game;Video_game_culture;Role-playing_video_game;Action-adventure_game
UCAd0IcKT94dfSazjpr7UXKA,SkellyPlays,@realskellyplays,243000,gaming,FALSE,FALSE,mostPopular,,,534,53066346,FALSE,50,1,0,Role-playing_video_game;Video_game_culture;Action-adventure_game
UCluRKlWgAS_eD3FOfoKmWfQ,Azpect,@azp3ct,224000,gaming,FALSE,FALSE,mostPopular,CA,,9,40457345,FALSE,,,,Action_game;Action-adventure_game;Video_game_culture;Role-playing_video_game
UCPlWv88ZRMxCcK3BGjrX7ew,Writing on Games,@writingongames,215000,gaming,FALSE,FALSE,seed,GB,,223,24488950,FALSE,22,1,0,Action_game;Video_game_culture;Action-adventure_game;Role-playing_video_game
UCPfmoUKeOxgRJ_yKMH_nHFw,Even More Chuff,@evenmorechuff,191000,gaming,FALSE,FALSE,mostPopular,GB,,49,35492648,FALSE,33,1,0,Fashion;Video_game_culture;Sports_game
UCO9XZbb3iTp4l5dsLkW8Z1w,Floydsonson,@floydsonson,184000,gaming,FALSE,FALSE,mostPopular,AU,,47,23448748,FALSE,40,1,0,Action_game;Action-adventure_game;Video_game_culture;Role-playing_video_game;Puzzle_video_game;Strategy_video_game;Casual_game
UCH0UIRlgHgKLY6VAo7ZlAkQ,TheFutAccountant,@thefutaccountant,172000,gaming,FALSE,FALSE,mostPopular,US,,3619,80304801,FALSE,46,1,0,Video_game_culture;Sports_game
UCrnJBS7Lb3rGUVWLvv-_czA,Ryguy v2,@ryguyv2,165000,gaming,FALSE,FALSE,mostPopular,US,,34,26707709,FALSE,34,1,0,Action-adventure_game;Video_game_culture;Role-playing_video_game;Action_game
UCRnrgGApQSu8h1ZnTkLYCFQ,jojosolos,@jojosolos,153000,gaming,FALSE,TRUE,mostPopular,US,,877,47976642,FALSE,28,1,0.142857142857143,Action_game;Action-adventure_game;Video_game_culture;Role-playing_video_game
UCm4UYMFMVFKtZBi9uk4HSCg,"Warhammer 40,000",@officialwarhammer40000,147000,gaming,FALSE,FALSE,mostPopular,GB,,143,22124769,FALSE,10,1,0,Video_game_culture;Strategy_video_game;Lifestyle_(sociology);Hobby
UCax1sqRNjQcOPEJmch9vNmA,Mike Tomlin,@miketomlin,125000,gaming,FALSE,FALSE,mostPopular,US,,2,2716837,FALSE,,,,""
UCk6C1z_ErW4XssWUdDSfV7Q,Francis John,@francisjohnyt,116000,gaming,FALSE,FALSE,seed,IE,,1433,62684614,FALSE,50,1,0,Action-adventure_game;Role-playing_video_game;Video_game_culture;Strategy_video_game;Simulation_video_game;Action_game
UCa3CPdpZL7STAfCVB7IXntg,UrbanLoon,@urbanloon,109000,gaming,FALSE,FALSE,mostPopular,CA,,186,26914288,FALSE,39,1,0,Simulation_video_game;Video_game_culture;Strategy_video_game
UCI6iEPn4xgOCOMbwok-NDYg,MoreCaedrel,@more_caedrel,107000,gaming,FALSE,FALSE,mostPopular,GB,,115,10773846,FALSE,50,1,0,Role-playing_video_game;Action_game;Video_game_culture;Strategy_video_game;Action-adventure_game
UCAvIC2XmBLLXFPdveirTrmw,BLAST SLAM Dota 2,@blastdota,98600,gaming,FALSE,FALSE,mostPopular,DK,,1312,64104003,FALSE,,,,Strategy_video_game;Video_game_culture;Action_game;Role-playing_video_game
UCpF_MZTxOf_ArX0-xLwv0pg,sugarfree,@sugarfree7,72000,gaming,FALSE,FALSE,mostPopular,DZ,,100,11544297,FALSE,,,,Action-adventure_game;Video_game_culture;Action_game;Role-playing_video_game
UCBjDgfYZOLgSODiDt4xWDlg,Bean,@beanbalatro,70300,gaming,FALSE,FALSE,mostPopular,,,478,23004754,FALSE,,,,Strategy_video_game;Video_game_culture
UCs4Z7eoY-IWv53pZuCM4Nvw,IsKevin,@iskevin,69000,gaming,FALSE,FALSE,mostPopular,CA,,287,10797454,FALSE,,,,Action_game;Role-playing_video_game;Video_game_culture;Action-adventure_game
UCTKWlp5ndW59BUGANtV-DDA,Zerggy,@zerggyyyy,62300,gaming,FALSE,FALSE,mostPopular,,,746,18526480,FALSE,,,,Strategy_video_game;Role-playing_video_game;Video_game_culture;Action_game;Action-adventure_game
UCVtWPuU136yXpLjNCukR4pA,omencito,@omencito,53400,gaming,FALSE,FALSE,mostPopular,US,,575,6910581,FALSE,,,,Action_game;Action-adventure_game;Video_game_culture;Role-playing_video_game
UC5F-TJDC0-_VtK59bLAGdXw,Twilight,@twilight_iz_here,24400,gaming,FALSE,FALSE,mostPopular,,,135,7298358,FALSE,,,,Video_game_culture;Action_game
UCaiilhYZ_1R60dFPMvwvOjA,Mr. Rocketstar,@mrrocketstar,12400,gaming,FALSE,FALSE,mostPopular,AU,,95,2169136,FALSE,,,,Casual_game;Action-adventure_game;Video_game_culture;Role-playing_video_game;Action_game;Simulation_video_game
UC5x_QtFePQUPxGK52PSXvsw,高橋Datto,@datto,484,gaming,FALSE,FALSE,seed,HK,,21,19234,FALSE,,,,Entertainment;Action-adventure_game;Role-playing_video_game;Music;Video_game_culture;Action_game;Music_of_Asia;Film
UCAXtPokJ9ck9I0l4gVOAr-Q,ArIvSe,@noodle,181,gaming,FALSE,FALSE,seed,RU,,0,0,FALSE,,,,""
UC710zn4wY4jYzwNtfmdkUNQ,Kosmonaut,@kosmonaut,122,gaming,FALSE,FALSE,seed,,,6,1531,FALSE,,,,Action_game;Video_game_culture
UCflla51TAMRh9f46CLfzhZw,DryBear,@drybear,20,gaming,FALSE,FALSE,seed,,,19,24809,FALSE,,,,Lifestyle_(sociology);Vehicle;Motorsport
UCSFUqyxYIBGwgqFhi_KVHZQ,Jay,@aztecross,1,gaming,FALSE,FALSE,seed,,,0,0,FALSE,,,,""
UCV5FGbY9kunZ5W-x2cgi2LQ,zemalia,@zemalia,1,gaming,FALSE,FALSE,seed,,,0,0,FALSE,,,,""
UCX6OQ3DkcsbYNE6H8uQQuVA,MrBeast,@mrbeast,519000000,lifestyle,FALSE,FALSE,mostPopular,US,en,1005,141533474691,FALSE,,,,Lifestyle_(sociology);Entertainment
UCJplp5SjeGSdVdwsfb9Q7lQ,Like Nastya,@likenastyaofficial,133000000,lifestyle,FALSE,FALSE,mostPopular,US,,1114,123273563331,TRUE,,,,Hobby;Lifestyle_(sociology)
UC1a2ZCw7tugRZYRMnecNj3A,Celine Dept,@celinedept,67500000,lifestyle,FALSE,FALSE,mostPopular,BE,,2465,65692603310,FALSE,,,,Sport;Association_football
UCLYqpLGnCoQfcD7BdDKsSxQ,Mariano Razo,@mariano_razo,48200000,lifestyle,FALSE,FALSE,mostPopular,MX,,1404,31755479587,FALSE,,,,Lifestyle_(sociology)
UCMyOj6fhvKFMjxUCp3b_3gA,Nick DiGiovanni,@nickdigiovanni,47000000,lifestyle,FALSE,FALSE,mostPopular,US,en,579,24034885344,FALSE,,,,Food;Lifestyle_(sociology)
UCECJDeK0MNapZbpaOzxrUPA,Luisito Comunica,@luisitocomunica,46000000,lifestyle,FALSE,FALSE,mostPopular,MX,,1474,12022261032,FALSE,,,,Lifestyle_(sociology);Tourism
UC56D-IHcUvLVFTX_8NpQMXg,Brent Rivera,@brentrivera,44200000,lifestyle,FALSE,FALSE,mostPopular,US,,908,13614161613,FALSE,,,,Entertainment;Lifestyle_(sociology)
UCuz_0MPcY5O0vsIfFPKFpGg,Lucan Pevidor,@lucanpevidor,43300000,lifestyle,FALSE,FALSE,mostPopular,BR,pt,2520,17926954870,FALSE,,,,Lifestyle_(sociology);Entertainment
UC5OVPGQqCUm0CCyVzELGITQ,Jasmin and James,@jasminandjames,42500000,lifestyle,FALSE,FALSE,mostPopular,AU,,25867,77942995885,FALSE,,,,Lifestyle_(sociology);Entertainment;Performing_arts
UCKaCalz5N5ienIbfPzEbYuA,Jordan Matter,@jordanmatter,38200000,lifestyle,FALSE,FALSE,mostPopular,US,,601,15874530558,FALSE,,,,Entertainment;Lifestyle_(sociology)
UCb9A6uotqUiuVCvVp4GMqOg,Justin Flom,@justinflom,35300000,lifestyle,FALSE,FALSE,mostPopular,US,,1284,40413710802,FALSE,,,,Entertainment;Lifestyle_(sociology);Hobby
UCGvGMmyEWp9hxDqmfLJbpkQ,Cadel and Mia,@cadelandmia,30600000,lifestyle,FALSE,FALSE,mostPopular,AU,,18942,78367326488,FALSE,,,,Lifestyle_(sociology);Entertainment;Performing_arts
UCucot-Zp428OwkyRm2I7v2Q,James Charles,@jamescharles,23700000,lifestyle,FALSE,FALSE,mostPopular,US,,734,4803982451,FALSE,,,,Lifestyle_(sociology)
UCDogdKl7t7NHzQ95aEwkdMw,Sidemen,@sidemen,23400000,lifestyle,FALSE,FALSE,mostPopular,GB,,513,8078899933,FALSE,,,,Boxing;Sport;Lifestyle_(sociology);Association_football
UCNFT_eq_QCApMEwCACHto9Q,Speed McQueen,@speedmcqueen,16500000,lifestyle,FALSE,FALSE,mostPopular,US,,5917,30254377740,FALSE,,,,Lifestyle_(sociology);Entertainment
UC5Hi0UkephOloKgZKLM9e-w,The Anazala Family ,@anazalafamily,14100000,lifestyle,FALSE,FALSE,mostPopular,US,,326,4155794748,FALSE,,,,Lifestyle_(sociology)
UCVVMMNVUwHbxljqi-xZ-jig,Triple Charm,@triplecharm,13900000,lifestyle,FALSE,FALSE,mostPopular,US,,2198,14713901321,FALSE,,,,Entertainment;Lifestyle_(sociology)
UCBPWTukZBKKCUKh_oll9icA,The Trench Family,@thetrenchfamily,12700000,lifestyle,FALSE,FALSE,mostPopular,US,,4373,14995319321,FALSE,,,,Lifestyle_(sociology);Entertainment
UCWBWgCD4oAqT3hUeq40SCUw,Sambucha,@sambucha,12200000,lifestyle,FALSE,FALSE,mostPopular,,,4293,21595979393,FALSE,,,,Entertainment;Lifestyle_(sociology)
UCWkYXtnAuu7VTLPwUcRSB6A,Kylie Jenner,@kyliejenner,12200000,lifestyle,FALSE,FALSE,mostPopular,,,166,863638906,FALSE,,,,Lifestyle_(sociology);Entertainment
UCUzvW98UhwyHcmUe5mRkjHQ,Lakhneet Vlogs,@lakhneetvlogs,12000000,lifestyle,FALSE,FALSE,mostPopular,IN,,4106,8941589180,FALSE,,,,Entertainment;Lifestyle_(sociology);Film
UCZFBnnCCO65xMXOdtFz8CfA,Sofi Manassyan,@sofimanassyan,11200000,lifestyle,FALSE,FALSE,mostPopular,US,,3821,23133108024,FALSE,,,,Humour;Entertainment;Lifestyle_(sociology)
UCEjIjshJ8bvvCkGNk0pkYcA,Jesse James West,@jessejameswest,11200000,lifestyle,FALSE,FALSE,mostPopular,US,,975,3607807245,FALSE,,,,Health;Lifestyle_(sociology);Physical_fitness
UCdqp0KK_Io7TwK5cJMBvB0Q,WhistlinDiesel,@whistlindiesel,10800000,lifestyle,FALSE,FALSE,mostPopular,,,316,1966138009,FALSE,,,,Vehicle;Lifestyle_(sociology)
UCOOw_13nkOTxEv-ZI3Hg0SQ,Bob Reese,@bob_reese,10600000,lifestyle,FALSE,FALSE,mostPopular,US,,2301,13150624063,FALSE,,,,Hobby;Lifestyle_(sociology);Physical_fitness
UCnSWkrRWNQWNhDusoWr_HXQ,SML,@smlmovies,10500000,lifestyle,FALSE,FALSE,mostPopular,US,,780,8054843801,FALSE,,,,Lifestyle_(sociology);Entertainment;Film;Hobby
UCAQOf_uPOJ6rXO_k9RwfK3A,MiniMoochi,@minimoochi,10300000,lifestyle,FALSE,FALSE,mostPopular,SG,,1590,25250133552,FALSE,,,,Food;Entertainment;Film
UCkMeKbUvJ7D881mMcYqsNMQ,KIDZOKI,@kidzoki_official,9770000,lifestyle,FALSE,FALSE,mostPopular,US,,1701,24354160863,TRUE,,,,Lifestyle_(sociology);Entertainment;Hobby
UC_35hRJlT4PEmvFCcU6l_3Q,Patrick Zeinali,@patrickzeinali,9470000,lifestyle,FALSE,FALSE,mostPopular,,,545,6101553925,FALSE,,,,Lifestyle_(sociology);Food
UCdcUmdOxMrhRjKMw-BX19AA,Niko Omilana,@niko,8990000,lifestyle,FALSE,FALSE,mostPopular,GB,,155,807237137,FALSE,,,,Film;Lifestyle_(sociology);Entertainment
UCVj2aIJYrMrHea7KcFDkPzA,Nick Wilkins,@nickwilkins,8960000,lifestyle,FALSE,FALSE,mostPopular,US,,2600,12770603228,FALSE,,,,Entertainment;Lifestyle_(sociology)
UCgOjLy9aHn5zyhcnY-pUY7w,LouisAyy,@itslouisayy,8630000,lifestyle,FALSE,FALSE,mostPopular,GB,,436,6720696965,FALSE,,,,Film;Entertainment;Humour
UC9GJatPWGJiGl4loFm7av7A,Lively Lewis Show,@livelylewisshow,7400000,lifestyle,FALSE,FALSE,mostPopular,US,,1194,6348477136,FALSE,,,,Lifestyle_(sociology);Entertainment
UCFhMOIr1FZNaLwHXNIkBMSg,Chef Tyler,@chef__tyler,6900000,lifestyle,FALSE,FALSE,mostPopular,US,,823,6636811917,FALSE,,,,Lifestyle_(sociology);Food
UCrwSMlDM6FGLwHOtZ5JZpVA,His Story,@hisytstory,6740000,lifestyle,FALSE,FALSE,mostPopular,US,,1762,10116922221,FALSE,,,,Entertainment
UCqNkn5PNeSqbQTAR5RP-L-Q,Andy Cooks,@andy_cooks,6320000,lifestyle,FALSE,FALSE,mostPopular,AU,,1574,3808291095,FALSE,,,,Food;Lifestyle_(sociology)
UC84ZJujGee7Hrxh4Qcfkfgw,Sophie Silva,@notsophiesilva,6080000,lifestyle,FALSE,FALSE,mostPopular,US,,926,6037280440,FALSE,,,,Entertainment;Lifestyle_(sociology);Fashion
UCBNnILlexKYtJu-EGUvq_iA,CboysTV,@cboystv,5590000,lifestyle,FALSE,FALSE,mostPopular,US,,617,2314530138,FALSE,,,,Motorsport;Lifestyle_(sociology);Vehicle
UCM1ncw1JOxIV8rrHy_pOXLA,juliyav,@_juliyav_,5470000,lifestyle,FALSE,FALSE,mostPopular,,,851,6852116549,FALSE,,,,Hobby;Lifestyle_(sociology)
UCB2wtYpfbCpYDc5TeTwuqFA,Will Tennyson,@willtennyson,5440000,lifestyle,FALSE,FALSE,seed,CA,,708,1547413961,FALSE,,,,Health;Lifestyle_(sociology);Physical_fitness
UCWY0kGk9qNfw7PVvace0MOA,The Churco Family,@thechurcofamily,5440000,lifestyle,FALSE,FALSE,mostPopular,US,,4589,6899911150,FALSE,,,,Lifestyle_(sociology);Entertainment
UCOgGAfSUy5LvEyVS_LF5kdw,JOLLY,@jolly,5430000,lifestyle,FALSE,FALSE,mostPopular,GB,,1603,3133426546,FALSE,,,,Lifestyle_(sociology);Food
UCgeit8Z93GU92Tw-XNF2yfw,ElliotSimms,@elliotsimms,5390000,lifestyle,FALSE,FALSE,mostPopular,US,,3296,5909471630,FALSE,,,,Entertainment;Film
UChrA9LSeVcLRQiMkcvdFhMQ,Bridey Drake,@brideydrake,5020000,lifestyle,FALSE,FALSE,mostPopular,AU,,1831,5249739322,FALSE,,,,Entertainment;Lifestyle_(sociology)
UCDUEQbLv-z-D_P-YB6Mw68Q,James Samuel,@jamessamuelmagic,4950000,lifestyle,FALSE,FALSE,mostPopular,GB,,564,2668510503,FALSE,,,,Performing_arts;Entertainment
UCh8f8vssLddD2PbnU3Ag_Bw,Cleetus McFarland,@cleetusm,4850000,lifestyle,FALSE,FALSE,mostPopular,US,,1873,2310801705,FALSE,,,,Motorsport;Lifestyle_(sociology);Vehicle;Sport
UCdUl_bahs2CptEdW0us2TRA,Mappelz,@mappelz,4610000,lifestyle,FALSE,FALSE,mostPopular,,en,2260,7476679100,FALSE,,,,Lifestyle_(sociology);Entertainment
UCisy6taOAeLfyaCqcMQDfig,Max Klymenko,@maxklymenko,4540000,lifestyle,FALSE,FALSE,mostPopular,GB,,1885,5924540055,FALSE,,,,Lifestyle_(sociology);Entertainment
UCCKs3glbBFWtZFFrAawVViA,Annag,@imthe_annag,4310000,lifestyle,FALSE,FALSE,mostPopular,,,1397,3490981781,FALSE,,,,Lifestyle_(sociology);Entertainment
UClqhvGmHcvWL9w3R48t9QXQ,Engineering Explained,@engineeringexplained,4230000,lifestyle,FALSE,FALSE,seed,US,en,1071,1064248165,FALSE,,,,Lifestyle_(sociology);Vehicle;Technology
UC949o8thQEP15p9_VK69Vbw,Connor And Liana,@connorandliana,4200000,lifestyle,FALSE,FALSE,mostPopular,GB,,1052,3569300334,FALSE,,,,Lifestyle_(sociology)
UCMCjKjb89bA2O2LnIxFZmGw,Little Remy Food 🐭🍝,@littleremyfood,4080000,lifestyle,FALSE,FALSE,mostPopular,US,,1001,9361573784,FALSE,,,,Food;Lifestyle_(sociology);Hobby
UCHyMNXj5l7eTTQefXzT3MdQ,Joe Caine,@joe_caine,4080000,lifestyle,FALSE,FALSE,mostPopular,SE,,406,4434276045,FALSE,,,,Humour;Entertainment;Video_game_culture
UCioNvmC36-JTGVjl7utMAIQ,Serena Neel,@serenaneel,3920000,lifestyle,FALSE,FALSE,mostPopular,US,,1052,3268736111,FALSE,,,,Lifestyle_(sociology);Hobby
UCfQgsKhHjSyRLOp9mnffqVg,Renaissance Periodization,@renaissanceperiodization,3900000,lifestyle,FALSE,FALSE,seed,US,,4386,2223590679,FALSE,,,,Physical_fitness;Health;Lifestyle_(sociology)
UCoR-l34EFcWd4ceV_Ubkn-g,Sacramento History Museum,@sacramentohistorymuseum,3870000,lifestyle,FALSE,FALSE,mostPopular,US,,3155,1961573516,FALSE,,,,Hobby;Lifestyle_(sociology)
UCr1nLIQFpNV5DxD22qxGsyQ,Nicole Laeno,@nicolelaeno,3740000,lifestyle,FALSE,FALSE,mostPopular,US,,1723,956727212,FALSE,,,,Lifestyle_(sociology)
UCTHzGyYKcRkd6ls06I5UNow,Scarlett and Tiania,@scarlettandtiania,3650000,lifestyle,FALSE,FALSE,mostPopular,US,,4418,4601290014,FALSE,,,,Entertainment;Lifestyle_(sociology)
UCVyTlHRwDFhx4REjYR0oP8Q,Malik Kids ,@kritikapayal,3640000,lifestyle,FALSE,FALSE,mostPopular,,,1983,2459466609,FALSE,,,,Lifestyle_(sociology)
UC-uNVV92llYIMC5-ZUF0Q4w,Uyen Ninh,@uyenninh,3630000,lifestyle,FALSE,FALSE,mostPopular,DE,,1259,9593647659,FALSE,,,,Lifestyle_(sociology)
UCzTtkLZFy6wqD4SsA9_fTtw,Sarai Jones,@saraijones,3610000,lifestyle,FALSE,FALSE,mostPopular,,,664,482774881,FALSE,,,,Lifestyle_(sociology)
UC-tLyAaPbRZiYrOJxAGB7dQ,Pursuit of Wonder,@pursuitofwonder,3500000,lifestyle,FALSE,FALSE,seed,,,326,251200930,FALSE,,,,Knowledge
UCVrEHNmwOcTM85daIG6PSVg,Andy Jiang,@andyyjiang,3480000,lifestyle,FALSE,FALSE,mostPopular,US,,2790,7878835725,FALSE,,,,Lifestyle_(sociology);Entertainment
UCvkiMyg2cjr-dDcBSK1IoUA,Gianna Joyce,@giannamjoyce,3470000,lifestyle,FALSE,FALSE,mostPopular,,,9525,7050448762,FALSE,,,,Lifestyle_(sociology);Entertainment
UC2FZQeaJkpnO6IMkQglvPsg,Mat Armstrong MK2,@matarmstrongmk2,3360000,lifestyle,FALSE,FALSE,mostPopular,GB,,134,488397330,FALSE,,,,Vehicle;Lifestyle_(sociology)
UCzE4rHZD7TdxGqfMzVT_p2w,ThatcherJoeVlogs,@thatcherjoevlogs,3320000,lifestyle,FALSE,FALSE,mostPopular,GB,,1188,759880678,FALSE,,,,Hobby;Lifestyle_(sociology)
UCWizIdwZdmr43zfxlCktmNw,Alec Steele,@alecsteele,3300000,lifestyle,FALSE,FALSE,mostPopular,GB,,1238,716401542,FALSE,,,,Hobby;Lifestyle_(sociology)
UCxEct2HUBYj_mt4t7qR9UYg,BondiRescue,@bondirescue,3280000,lifestyle,FALSE,FALSE,mostPopular,AU,,1774,1615966430,FALSE,,,,Lifestyle_(sociology);Television_program;Entertainment
UCclxm0FKyggKZhP5TWj8Wtg,UncleJhonn,@unclejhonnshow,3250000,lifestyle,FALSE,FALSE,mostPopular,US,,159,795822950,FALSE,,,,Lifestyle_(sociology);Hobby
UCFw6KuhSrq96Xj_vIB-8dcA,Molly Carlson,@mollycarlson1,3180000,lifestyle,FALSE,FALSE,mostPopular,,,777,2906161200,FALSE,,,,Sport;Lifestyle_(sociology)
UCpHpLD-URpThtttHTxefZ4A,Her Story,@herytstory,3170000,lifestyle,FALSE,FALSE,mostPopular,US,,1332,4384423193,FALSE,,,,Entertainment;Lifestyle_(sociology)
UC2YvLBsduOMcStpJbZav-mw,Right Choice Shearing,@rightchoiceshearing,3050000,lifestyle,FALSE,FALSE,mostPopular,US,,440,2173974905,FALSE,,,,Pet;Lifestyle_(sociology)
UC6wMMhzk4PbP_jBSMu8Mv7Q,LouisianaCrawfishCo,@louisianacrawfishco,3020000,lifestyle,FALSE,FALSE,mostPopular,,,528,3094812701,FALSE,,,,Hobby;Lifestyle_(sociology);Food
UCfyehHM_eo4g5JUyWmms2LA,Sorted Food,@sortedfood,3010000,lifestyle,FALSE,FALSE,seed,GB,en-GB,2998,1522928331,FALSE,,,,Food;Lifestyle_(sociology)
UCj3eT48w7oJU0sGbxkX0FfQ,Jonathan Joly,@jonathanjoly,3010000,lifestyle,FALSE,FALSE,mostPopular,GB,,1751,3778196530,FALSE,,,,Lifestyle_(sociology)
UCF1Q_zp3Eh3nuEHvMbdKkqg,AlishaMarieVlogs,@alishamarievlogs,3010000,lifestyle,FALSE,FALSE,mostPopular,US,,1481,741752796,FALSE,,,,Lifestyle_(sociology);Fashion
UCXf9Ki4HpKB9pHqMKjmAjcg,Regena Davids,@regenad,2970000,lifestyle,FALSE,FALSE,mostPopular,,,777,1985429146,FALSE,,,,Lifestyle_(sociology);Entertainment
UCaZHJQGKUiGPPJOO0nUW_aA,Cam2r,@cam2r,2960000,lifestyle,FALSE,FALSE,mostPopular,US,,1005,2551915346,FALSE,,,,Lifestyle_(sociology);Entertainment
UCpE_yAyidJKIsv8mnX1VYzA,JesssFam,@jesssfam,2930000,lifestyle,FALSE,FALSE,mostPopular,US,,2633,2189350603,FALSE,,,,Lifestyle_(sociology)
UCXvbilRzK1DrcrYM_0-BxfQ,Megan and Ben,@thehitobito,2880000,lifestyle,FALSE,FALSE,mostPopular,US,,241,3600187434,FALSE,,,,Lifestyle_(sociology)
UCK2_PiPOB0VEZfbbaHj-z5w,Passenger Paramvir,@passengerparamvir,2860000,lifestyle,FALSE,FALSE,mostPopular,IN,,534,666395459,FALSE,,,,Lifestyle_(sociology);Tourism
UCEMj2h7pP4QWkoGnSmaiiYw,The Plant Slant,@theplantslant2431,2810000,lifestyle,FALSE,FALSE,mostPopular,US,,1616,5087001276,FALSE,,,,Food;Lifestyle_(sociology);Entertainment
UCa-es5gySUwVVttEHvB6fkQ,JesseChrisss,@jessechrisss,2730000,lifestyle,FALSE,FALSE,mostPopular,,,80,1700988437,FALSE,,,,Lifestyle_(sociology);Entertainment
UC8Av1tO-ha143nNYzxmf1Fg,Pierre Dalati,@dalati,2720000,lifestyle,FALSE,FALSE,mostPopular,CA,,1460,1534707475,FALSE,,,,Health;Lifestyle_(sociology)
UC9bZy627A--NKLGtf9LnAJA,TWCDesign,@twcdesign,2720000,lifestyle,FALSE,FALSE,mostPopular,JP,ja,1427,4116933496,FALSE,,,,Hobby;Lifestyle_(sociology)
UCz0Qnv6KczUe3NH1wnpmqhA,Nicole Guerriero,@nicoleguerriero,2670000,lifestyle,FALSE,FALSE,mostPopular,US,,811,383691896,FALSE,,,,Lifestyle_(sociology)
UCp5bjkAcMNFo_6HJ3oEGdug,Sylvia Gani,@sylviagani,2640000,lifestyle,FALSE,FALSE,mostPopular,US,,507,407672476,FALSE,,,,Lifestyle_(sociology)
UC9_p50tH3WmMslWRWKnM7dQ,Adam Ragusea,@aragusea,2610000,lifestyle,FALSE,FALSE,seed,US,,733,785714138,FALSE,,,,Food;Lifestyle_(sociology)
UCdqn7pevRdz57Yo8RA95C1w,Small Laude,@smalllaude,2600000,lifestyle,FALSE,FALSE,mostPopular,PH,,424,446050550,FALSE,,,,Tourism;Lifestyle_(sociology)
UCqBvyjQOrXPcwSpvfovjREg,Drew Lynch,@thedrewlynch,2590000,lifestyle,FALSE,FALSE,mostPopular,US,,688,232399583,FALSE,,,,Humour;Entertainment;Film;Performing_arts
UCMb0O2CdPBNi-QqPk5T3gsQ,James Hoffmann,@jameshoffmann,2570000,lifestyle,FALSE,FALSE,seed,GB,,410,395992090,FALSE,,,,Lifestyle_(sociology);Food
UCLgfWSKeXKKix3EuDOKb-ZA,JJEverettRose,@jjeverettrose,2570000,lifestyle,FALSE,FALSE,mostPopular,GB,,2042,2012721164,FALSE,,,,Entertainment;Film
UCJA8OyDxRY-wm0ya2gtHOsw,Do It On A Dime,@doitonadime,2470000,lifestyle,FALSE,FALSE,mostPopular,US,,1280,469508661,FALSE,,,,Hobby;Lifestyle_(sociology)
UCJ901NqoRaXMnIm7aOjLyuA,Fallow,@fallowchefs,2470000,lifestyle,FALSE,FALSE,mostPopular,GB,,1081,1410253096,FALSE,,,,Lifestyle_(sociology);Food
UCDq5v10l4wkV5-ZBIJJFbzQ,Ethan Chlebowski,@ethanchlebowski,2440000,lifestyle,FALSE,FALSE,seed,US,,462,315927907,FALSE,,,,Lifestyle_(sociology);Food
UCmJocBytBRMbGw6haSRXnjQ,Gabriel Herrera,@gabrielherrera,2430000,lifestyle,FALSE,FALSE,mostPopular,PT,,1233,440265880,FALSE,,,,Lifestyle_(sociology);Tourism
UCFanrVWRodCwCw43U7KBAQg,Saffron Barker,@saffronbarker,2410000,lifestyle,FALSE,FALSE,mostPopular,GB,,873,498559915,FALSE,,,,Lifestyle_(sociology)
UCJ_-L4d3S-5_hSdriglDsvQ,BenGtalks,@bengtalks,2360000,lifestyle,FALSE,FALSE,mostPopular,,,181,1635539507,FALSE,,,,Lifestyle_(sociology);Food
UCoDfzMpmDq2hotStuDhZc7w,blumineck,@blumineck,2360000,lifestyle,FALSE,FALSE,mostPopular,GB,,454,1618762413,FALSE,,,,Entertainment;Lifestyle_(sociology);Hobby
UCSJWlswfVUgyVliZaEFoaBw,TheSorryGirls,@thesorrygirls,2330000,lifestyle,FALSE,FALSE,seed,US,,1557,514701808,FALSE,,,,Hobby;Lifestyle_(sociology)
UCt_NLJ4McJlCyYM-dSPRo7Q,Lost LeBlanc,@lostleblanc,2290000,lifestyle,FALSE,FALSE,seed,US,,903,247946747,FALSE,,,,Tourism;Lifestyle_(sociology)
UCFiIJEdXb4ZWeK8zYDIaqPQ,Kat Clark,@kat_clark_,2260000,lifestyle,FALSE,FALSE,mostPopular,US,,2899,2832160393,FALSE,,,,Entertainment;Lifestyle_(sociology);Fashion
UCz4yHVUr-h86dhA5nfq4HiQ,emma & georgia ,@emma_and_georgia,2240000,lifestyle,FALSE,FALSE,mostPopular,,,1391,2782080938,FALSE,,,,Lifestyle_(sociology);Entertainment
UCCThUYykrz0TLuPbOVByrcw,Noholito,@noholito,2190000,lifestyle,FALSE,FALSE,mostPopular,FR,,1141,893427072,FALSE,,,,Lifestyle_(sociology)
UCEnBTmb_YoyZOlZgPUiqA0g,Willibed,@willibed,2100000,lifestyle,FALSE,FALSE,mostPopular,CA,,240,713129009,FALSE,,,,Hobby;Lifestyle_(sociology)
UC-F3kTU4V680v550AavEOsQ,MollyMae,@mollymae9879,2100000,lifestyle,FALSE,FALSE,mostPopular,,,260,284496809,FALSE,,,,Lifestyle_(sociology)
UCUmNEAdF0TIElFqyYcrK-Aw,Zarathebanana,@zarathefearless,2090000,lifestyle,FALSE,FALSE,mostPopular,PH,,1325,2553389955,FALSE,,,,Performing_arts;Entertainment;Lifestyle_(sociology)
UCXulruMI7BHj3kGyosNa0jA,Indigo Traveller,@indigotraveller,2070000,lifestyle,FALSE,FALSE,seed,NZ,,425,276945166,FALSE,,,,Lifestyle_(sociology);Tourism;Society
UCxjZe0qTFXh6jGm54LFWEDw,Aspyn Ovard ,@aspynovard,1980000,lifestyle,FALSE,FALSE,mostPopular,US,,1302,481822845,FALSE,3,1,0,Lifestyle_(sociology)
UC7ZcI9WM6DYFx9P6hWtEXfA,Landen Levine Shorts,@landenlevineshorts,1980000,lifestyle,FALSE,FALSE,mostPopular,,,574,1242053306,FALSE,1,1,0,Vehicle;Lifestyle_(sociology)
UCHoeg9hudbaFZBEVziRazvg,Throttle Confessions,@throttleconfessionsmotorcycle,1970000,lifestyle,FALSE,FALSE,mostPopular,,,165,1160742428,FALSE,0,,0,Entertainment;Lifestyle_(sociology);Vehicle
UCsDpzsxAwPej0RZqDDdrq9g,Wholesome Wendy,@wholesomewendy,1960000,lifestyle,FALSE,FALSE,mostPopular,,,376,3372614915,FALSE,0,,0,Entertainment;Video_game_culture
UCXOQQcHJW_H5hmVQIxro0jQ,Dave K,@itsdavek,1920000,lifestyle,FALSE,FALSE,mostPopular,US,en,84,1272509703,FALSE,1,1,0,Video_game_culture
UCFMGCDS4rQprREJJa8f4F0Q,HAUS PLANS ®️,@hausplans,1920000,lifestyle,FALSE,FALSE,mostPopular,US,,600,2029662355,FALSE,0,,0,Lifestyle_(sociology);Hobby
UCL3rV5PZK_5UYAwmwvyuSqw,Hoodie Guy,@hoodieguystories,1900000,lifestyle,FALSE,FALSE,mostPopular,,,99,1498968305,FALSE,0,,0,Entertainment;Lifestyle_(sociology)
UCBF8RBoAXR_m0yWfjuO1lvQ,Calen Chan,@calen_chan,1890000,lifestyle,FALSE,FALSE,mostPopular,US,,1069,1775011053,FALSE,2,1,0,Entertainment;Lifestyle_(sociology)
UChOvNDmOmOW_xekEf45MeRw,Jordan Lipscombe,@jordanlipscombee,1860000,lifestyle,FALSE,FALSE,mostPopular,,,378,161826275,FALSE,18,1,0,Lifestyle_(sociology);Fashion
UCJ0rEZKgypQcmnWudtwvM_w,Gengar,@gengarshortz,1820000,lifestyle,FALSE,FALSE,mostPopular,AU,,118,356092573,FALSE,0,,0,Entertainment;Lifestyle_(sociology)
UC0pqXGRuXKMjG5J7afBxANw,Tyler Morgan - Japan Adventures,@tylermorgantravels,1820000,lifestyle,FALSE,FALSE,mostPopular,US,en,147,833775932,FALSE,3,1,0,Lifestyle_(sociology);Tourism
UCwwRzW41YdhO2O0klNkttUA,JD Delay,@jddelay5150,1800000,lifestyle,FALSE,FALSE,mostPopular,US,,11658,3611269101,FALSE,3,1,0,Entertainment
UCqqJQ_cXSat0KIAVfIfKkVA,J. Kenji López-Alt,@jkenjilopezalt,1760000,lifestyle,FALSE,FALSE,seed,US,,851,298756766,FALSE,19,1,0,Lifestyle_(sociology);Food
UCZgQl6BKdSbUuJTn5zqKWCQ,Mindova,@mindovashorts,1710000,lifestyle,FALSE,FALSE,mostPopular,US,,159,2345588183,FALSE,0,,0,Lifestyle_(sociology);Entertainment
UCdt50tUYXrhZJs27V3oAqfQ,Mariah,@yomariah,1700000,lifestyle,FALSE,FALSE,mostPopular,,,774,1043723644,FALSE,2,1,0,Lifestyle_(sociology);Entertainment
UCRPIJ_-fU0fycIi4a6PUXRg,The LeRoys,@theleroys,1660000,lifestyle,FALSE,TRUE,mostPopular,US,,1961,599239870,FALSE,19,1,1,Lifestyle_(sociology)
UCjfG0dyMUiqKleUnkX6zBrA,Natacha Océane,@natachaoceane,1630000,lifestyle,FALSE,FALSE,seed,GB,,230,163397609,FALSE,0,,0,Physical_fitness;Lifestyle_(sociology);Health
UCt5rFmkU9-fVm8kIVjz3qVg,Jesse Moncur,@jessefunstuff,1610000,lifestyle,FALSE,FALSE,mostPopular,,,413,1685113161,FALSE,3,1,0,Lifestyle_(sociology)
UCPNDZBSSUJ0d94jQjb1u6rQ,Marie,@marielopezvlogs,1560000,lifestyle,FALSE,FALSE,mostPopular,FR,,681,79627029,FALSE,19,0,0,Lifestyle_(sociology)
UCgHPjaBY9ElpElTkXZZWYpQ,The Jones Fam,@whataboutaub,1550000,lifestyle,FALSE,FALSE,mostPopular,US,,469,2545915442,FALSE,3,1,0.333333333333333,Lifestyle_(sociology)
UCs-vWZu3t2ky3oImX83S_2Q,4WD 24-7,@4wd247,1500000,lifestyle,FALSE,FALSE,mostPopular,AU,,1531,496286206,FALSE,4,1,0,Vehicle;Lifestyle_(sociology)
UCQlup0XeMHCYvKE8GPFzwZg,LaKenzo,@lakenzo,1500000,lifestyle,FALSE,FALSE,mostPopular,,,257,576221992,FALSE,0,,0,Hobby;Lifestyle_(sociology)
UCO-s9MFWm8ghwrcYIMAjDSw,링고다냥,@ringodanyan,1490000,lifestyle,FALSE,FALSE,mostPopular,US,ko,3046,1606999706,FALSE,0,,0,Lifestyle_(sociology);Pet;Entertainment
UCqkPyuGwGOYU_AF3SjpqF8A,seri,@seriixo,1460000,lifestyle,FALSE,FALSE,mostPopular,,,561,762223651,FALSE,0,,0,Lifestyle_(sociology)
UCj2iiYhHjCHlYl9FdRjY1sQ,Sophia & Noelle,@soellegirls,1450000,lifestyle,FALSE,TRUE,mostPopular,US,,1274,3078130339,FALSE,6,1,0.166666666666667,Entertainment;Lifestyle_(sociology)
UCsH73W-21O2ReaJsBoYxDYw,New9 Crystals,@new9_crystals,1440000,lifestyle,FALSE,FALSE,mostPopular,,,716,2716617459,FALSE,2,1,0,Entertainment;Lifestyle_(sociology);Hobby
UCeCDY9wGQRgwfD06oLV1MzQ,emily ha,@emilyha25,1430000,lifestyle,FALSE,FALSE,mostPopular,US,,132,72536476,FALSE,8,0.875,0,Lifestyle_(sociology)
UC3mGhLq57s_o9dTdwTz00rA,Sarah and Chyler Emery,@chyleremery,1420000,lifestyle,FALSE,FALSE,mostPopular,US,,1470,2564998274,FALSE,0,,0,Lifestyle_(sociology)
UCOBx8y7hTi0q7AGaZEqPKKg,Ruthi Family Vlogs,@ruthifamilyvlogs,1360000,lifestyle,FALSE,FALSE,mostPopular,MX,,1986,692175520,FALSE,49,0,0,Food;Lifestyle_(sociology)
UCAFYPHE-YCvOlZ33KR_6mrg,Tenzo Shortz,@10zoshortz,1340000,lifestyle,FALSE,FALSE,mostPopular,US,,1036,128219878,FALSE,0,,0,Hobby;Lifestyle_(sociology)
UCWgivUe2WwSEsUpvCVe-yVA,Brandon Lucas,@thebrandonlucas,1300000,lifestyle,FALSE,FALSE,mostPopular,US,,325,798297094,FALSE,0,,0,Vehicle;Entertainment;Lifestyle_(sociology)
UCecAIXPb5KTJz5BFnUzlTaA,Spanian,@spanian,1300000,lifestyle,FALSE,FALSE,mostPopular,AU,,368,249984611,FALSE,23,1,0,Music;Lifestyle_(sociology)
UCogoqwISeiIx0u4_7DqddPQ,Meatlicious,@meatlicious_,1290000,lifestyle,FALSE,FALSE,mostPopular,,,527,913855310,FALSE,0,,0,Lifestyle_(sociology);Food
UCbnysGouXL8IC2Yq-6zVlJA,Sae,@ytsae,1290000,lifestyle,FALSE,FALSE,mostPopular,US,,790,762429254,FALSE,1,0,1,Lifestyle_(sociology);Food
UCl22N0AB65gzuFpDQu2O6-g,Mark Chrispy,@markchrispy,1240000,lifestyle,FALSE,FALSE,mostPopular,CA,,2224,307256421,FALSE,0,,0,Hobby;Lifestyle_(sociology);Food
UCZ35ID5nx3CXcJ2sNvCvL-A,Kate Marie,@katemariess,1190000,lifestyle,FALSE,FALSE,mostPopular,,,951,769706297,FALSE,1,1,0,Entertainment;Lifestyle_(sociology)
UCSG3odlwKQhtL2oVAVDBRqQ,Sassy ,@sassyoriginaltv,1170000,lifestyle,FALSE,FALSE,mostPopular,US,,487,2095379790,FALSE,0,,0,Pet;Lifestyle_(sociology)
UCzm9FuwL1DRAkl59LNA6d3g,Jackarius,@jackariusyt,1150000,lifestyle,FALSE,FALSE,mostPopular,,,221,589825279,FALSE,1,1,0,Entertainment;Lifestyle_(sociology);Food
UCLdVU_TRG74Kgu9FvuFEFgQ,BAS Renovations ,@basrenovations,1090000,lifestyle,FALSE,FALSE,mostPopular,,,184,252576436,FALSE,2,1,0,Lifestyle_(sociology);Hobby
UCC798-EoDmAY-qd1rPcFWIQ,IASON EXADAKTYLOS,@itsartemisss,1080000,lifestyle,FALSE,FALSE,mostPopular,US,,158,55602981,FALSE,0,,0,Lifestyle_(sociology);Entertainment
UC5Zc0EUB-km6in-55cK7k2g,KevOnStage,@kevonstage,1050000,lifestyle,FALSE,FALSE,mostPopular,US,,5806,448371851,FALSE,2,1,0,Lifestyle_(sociology);Entertainment
UCoSjnRDZSFVp88NXE7MenLQ,Lydia Elise Millen,@lydiamillen,1040000,lifestyle,FALSE,FALSE,mostPopular,GB,,1280,283858791,FALSE,15,1,0,Fashion;Lifestyle_(sociology)
UCTi69Nf08_tA21d_tTXqlyg,StoryInner,@storyinner,1010000,lifestyle,FALSE,FALSE,mostPopular,,,120,555319836,FALSE,0,,0,Lifestyle_(sociology)
UCFheyex-HQr_KjcTHGJQOfA,Gravity Dreams,@gravitydreams,1000000,lifestyle,FALSE,FALSE,mostPopular,US,,818,489775260,FALSE,0,,0,Lifestyle_(sociology);Entertainment
UCQIgzB-tRcZIrYoLwKZPjzw,5PM,@5pm-five,996000,lifestyle,FALSE,FALSE,mostPopular,US,,697,2041635378,FALSE,0,,0,Entertainment
UCUFFHXvzAMRSD8Bq4bJppxQ,Elizabeth Filips,@elizabethfilips,977000,lifestyle,FALSE,FALSE,seed,GB,,135,47057138,FALSE,0,,0,Knowledge;Lifestyle_(sociology);Health
UCXkbaLJq7IxOfR2ITAinsOQ,"XO, MaCenna",@xomacenna,974000,lifestyle,FALSE,TRUE,mostPopular,US,,351,114876112,FALSE,23,1,0.130434782608696,Lifestyle_(sociology);Hobby
UCZmMnu70cq6BaXBFORSLszg,The Pun Guys,@thepunguys,946000,lifestyle,FALSE,FALSE,mostPopular,,,279,318990165,FALSE,1,1,0,Lifestyle_(sociology);Food
UCZym84-cGUKAf1T2isIIXvw,Kelsey Kreppel,@kelseykreppel2,938000,lifestyle,FALSE,FALSE,mostPopular,US,,205,105836060,FALSE,12,1,0,Food;Lifestyle_(sociology)
UCKgRSYyIXPrU9KoyviFHpDw,B.e.n_rl,@b.e.n_rl,924000,lifestyle,FALSE,FALSE,mostPopular,US,,1377,826013438,FALSE,1,1,0,Music;Lifestyle_(sociology);Entertainment
UC9A_BVeGeDvvkI9RhmuJnbw,Sydney Smiles,@sydneytaleah,869000,lifestyle,FALSE,FALSE,mostPopular,US,,1108,653953659,FALSE,0,,0,Humour;Entertainment;Lifestyle_(sociology)
UCrDEzTgOJXn_zHrXKwi8R9g,CUITSUN,@cuit_sun,827000,lifestyle,FALSE,FALSE,mostPopular,,,523,330078815,FALSE,0,,0,Entertainment;Lifestyle_(sociology)
UC3ocVSGRoapPsbG8QrFX5kA,velvet glow,@velvetgloww,825000,lifestyle,FALSE,FALSE,mostPopular,,,2609,1881381197,FALSE,0,,0,Lifestyle_(sociology);Hobby
UCcGDKfsq8XlbjfpmcTMqi6Q,Chloé Yazmean,@chloeyazmean535,822000,lifestyle,FALSE,FALSE,mostPopular,,,666,105245129,FALSE,49,1,0,Lifestyle_(sociology)
UCjPy29hEhuR0JqsKSOFXpxA,Sam Jose,@notachefsam,814000,lifestyle,FALSE,FALSE,mostPopular,US,,249,930113038,FALSE,1,1,0,Food;Lifestyle_(sociology)
UCGPvxMRgiX7jXefQCwTZccA,Michael Drake,@michaeldrake21,805000,lifestyle,FALSE,FALSE,mostPopular,AU,,515,850741175,FALSE,0,,0,Entertainment;Lifestyle_(sociology);Tourism
UCxCX9NWR6sWKOhARHwJ4vlQ,marissainchina,@marissainchina,793000,lifestyle,FALSE,FALSE,mostPopular,US,,422,1345987723,FALSE,5,1,0.2,Lifestyle_(sociology);Food
UCoU0KAvTqwOKkTeoj49VtSg,Divine Tetay,@divinetetay5613,772000,lifestyle,FALSE,FALSE,mostPopular,PH,,550,134794964,FALSE,50,0,0,Lifestyle_(sociology);Food
UCS_fYHknZWsHBsW2RFHxBXA,Dough Joe,@doughj0e,757000,lifestyle,FALSE,FALSE,mostPopular,,,245,276559073,FALSE,0,,0,Lifestyle_(sociology);Food
UCpR_CVWkvLrZFaJqu-9GCeA,Guxxi Recap,@guxxirecap01,739000,lifestyle,FALSE,FALSE,mostPopular,US,,84,120884915,FALSE,0,,0,Film;Entertainment
UCJFBmrpBmGnpI0OOV0IbxNQ,Mayadorable,@mayadorable,737000,lifestyle,FALSE,FALSE,mostPopular,FR,,1069,125942832,FALSE,7,0,0,Lifestyle_(sociology)
UCnl6LEIOQrhYN1GA6aMex_w,Qutybopa,@qutybopayt,732000,lifestyle,FALSE,FALSE,mostPopular,,,3297,2418788649,FALSE,0,,0,Entertainment;Lifestyle_(sociology)
UCK3bMasl8sG4wiahoUpBLnQ,Chinenye Nnebe,@chinenyennebe5,719000,lifestyle,FALSE,FALSE,mostPopular,NG,,271,123959581,FALSE,14,1,0,Lifestyle_(sociology);Fashion
UCY-2QRPXfHfcDDugOUr7A8Q,Nexxo Recaps,@nexxorecaps,717000,lifestyle,FALSE,FALSE,mostPopular,,,121,1288862954,FALSE,0,,0,Sport;Entertainment
UCIL4OelrsU1C1qpkP3pOCUQ,RozreX,@rozrex,708000,lifestyle,FALSE,FALSE,mostPopular,NL,,158,932213705,FALSE,0,,0,Entertainment;Film
UCa3wuly5TEbB5ETH8Ga-S0g,Kaci-Jay,@kaci-jay,686000,lifestyle,FALSE,TRUE,mostPopular,,,166,68144005,FALSE,34,1,0.176470588235294,Lifestyle_(sociology)
UCDXTQ8nWmx_EhZ2v-kp7QxA,Ben Felix,@benfelixcsi,647000,lifestyle,FALSE,FALSE,seed,CA,,180,38268622,FALSE,39,1,0,Knowledge;Society
UCJhVy3DmDIkIV4pDW3HfCYg,Danielle Marsh,@dazzibelle,643000,lifestyle,FALSE,FALSE,mostPopular,,,4,8859133,FALSE,,,,Lifestyle_(sociology)
UCw0f4GGeovKrQ_Ij_VtdjHg,The Bov Boys,@thebovboys,642000,lifestyle,FALSE,FALSE,mostPopular,,,191,93099717,FALSE,29,1,0,Lifestyle_(sociology);Entertainment;Film
UC0BtoIONcmz6ySjwZmkpYLA,Vexon,@vexon_09,637000,lifestyle,FALSE,FALSE,mostPopular,US,,338,133868128,FALSE,0,,0,Lifestyle_(sociology)
UCnAVAs19ZV2aKYnsESN24WA,Gixxer brah 2.0,@gixxerbrahshorts,630000,lifestyle,FALSE,FALSE,mostPopular,,,431,591035199,FALSE,0,,0,Vehicle;Lifestyle_(sociology)
UCngUmIudpvbEL5BlCpThBYg,Paulina Roquett,@calisthenics.bypaulina,624000,lifestyle,FALSE,FALSE,mostPopular,GB,,267,530632968,FALSE,1,1,1,Physical_fitness;Lifestyle_(sociology);Health
UCvwVoS6U7XzvnGJ76z4Rsxw,earth with john,@earthwithjohn,624000,lifestyle,FALSE,FALSE,mostPopular,US,,187,872533802,FALSE,0,,0,Lifestyle_(sociology)
UCCmfa729dnJCi_bK7fSNbpw,Josie,@josieirons,604000,lifestyle,FALSE,TRUE,mostPopular,GB,,3023,178255896,FALSE,11,1,1,Lifestyle_(sociology)
UCeCaD1rDbLlSyQS6et0JcPg,FitnessTube,@fitnesstube20223,592000,lifestyle,FALSE,FALSE,mostPopular,,,1082,331530318,FALSE,0,,0,Health;Physical_fitness;Lifestyle_(sociology)
UC5lvqCU14Pxwq2KHoEM96aQ,dickfartjr,@dickfartjr,591000,lifestyle,FALSE,FALSE,mostPopular,US,,1210,807990235,FALSE,0,,0,Vehicle;Lifestyle_(sociology)
UCYX533x8iEELb2PHhyRZCtA,麦麦来了,@maimailail,574000,lifestyle,FALSE,FALSE,mostPopular,TW,zh-HK,2631,935421452,FALSE,9,0,0,Food;Lifestyle_(sociology);Entertainment
UCVQuQk8KeXOHByBHQICmStQ,Chewy The Newfoundland,@chewythenewfoundland,562000,lifestyle,FALSE,FALSE,mostPopular,,,1632,642445678,FALSE,0,,0,Pet;Lifestyle_(sociology)
UCFz70EW5Q7s2JofZZPP65og,Rachel Louise,@rachxlouise,557000,lifestyle,FALSE,FALSE,mostPopular,GB,,373,551106231,FALSE,9,1,0,Lifestyle_(sociology)
UCgSP3bBZ8EyyFkp172htIBA,Manco Tattoo,@tattales,556000,lifestyle,FALSE,FALSE,mostPopular,US,,256,527395863,FALSE,0,,0,Lifestyle_(sociology);Hobby
UCwF26-Qhrc6eqgYALDTFXGg,Consejo de Abuela ,@consejodeabuela,547000,lifestyle,FALSE,FALSE,mostPopular,,,56,279337199,FALSE,0,,0,Lifestyle_(sociology);Food
UCaUfud8pU8ztkI45gxzPjzQ,Dimma Umeh,@dimmaumeh,538000,lifestyle,FALSE,FALSE,mostPopular,NG,,535,52320911,FALSE,23,1,0,Lifestyle_(sociology)
UCiC7Kua5cYhdWh3oOnDJXCQ,Jon,@jonbub,536000,lifestyle,FALSE,FALSE,mostPopular,US,,56,116764546,FALSE,1,1,0,Lifestyle_(sociology);Food;Entertainment
UCCf_yMaxwVaUiTVGHhG7K9Q,RIP Disc Golf,@ripdiscgolf,527000,lifestyle,FALSE,FALSE,mostPopular,US,,302,1257266173,FALSE,2,1,0,Entertainment;Lifestyle_(sociology)
UCfkWb32MVEsAzYtdnv7M-vg,Moore Wellness,@jamesmoorewellness,511000,lifestyle,FALSE,FALSE,mostPopular,,,852,274627989,FALSE,0,,0,Physical_fitness;Lifestyle_(sociology);Health
UCS8goidkH7cd0iaKffet8Qg,Nats Tutorials,@nats_tutorials,476000,lifestyle,FALSE,FALSE,mostPopular,,,1700,510676489,FALSE,0,,0,Lifestyle_(sociology)
UCyB29BCGffyGYlQaGEVJ-7g,Школа Ловкости. Action Design Academy,@mrmavlad,474000,lifestyle,FALSE,FALSE,mostPopular,US,ru,933,160973730,FALSE,0,,0,Lifestyle_(sociology);Entertainment;Humour;Performing_arts
UCREAfmQaBCDadCtcX6sA0bQ,Robbsfilms,@robbsfilmsofficial,456000,lifestyle,FALSE,FALSE,mostPopular,US,,615,132804449,FALSE,1,1,0,Lifestyle_(sociology);Food;Entertainment
UCR2_8uHyWcTSV6iIw6BN4rg,Lance Hedrick,@lancehedrick,453000,lifestyle,FALSE,FALSE,seed,US,,388,64136521,FALSE,43,1,0,Food;Lifestyle_(sociology)
UCgjgqMmeaVhtHNIYjf4xHjw,Stephen Hendry's Cue Tips,@stephenhendryscuetips,453000,lifestyle,FALSE,FALSE,mostPopular,GB,,523,239631438,FALSE,17,1,0,Lifestyle_(sociology);Sport
UCGH4o7taGSE-4FB8ZzJxhkA,Bricks Made Simple,@grantdavis,448000,lifestyle,FALSE,FALSE,mostPopular,US,,79,612011326,FALSE,1,1,0,Lifestyle_(sociology);Hobby
UCcAmcN0AP0Ee0UjrBFAomkA,German in Venice,@germaninvenice,441000,lifestyle,FALSE,FALSE,mostPopular,US,,1144,113359919,FALSE,50,1,0,Tourism;Lifestyle_(sociology)
UC5k1uBUk5E7lc6KHYY9tDRg,Reesebros,@reesebrosyt,438000,lifestyle,FALSE,FALSE,mostPopular,,,508,422710358,FALSE,0,,0,Film;Entertainment;Lifestyle_(sociology)
UC384aG6il3smGB99C4OlKuw,Official Erica Sherwood,@official_erica_sherwood,435000,lifestyle,FALSE,FALSE,mostPopular,,,264,420043798,FALSE,0,,0,Lifestyle_(sociology);Food
UCIX1edrhZBJfzz5zrkBknZQ,Ami Charlize,@amicharlizex,434000,lifestyle,FALSE,FALSE,mostPopular,,,805,83455662,FALSE,31,1,0,Lifestyle_(sociology)
UCHmwXXWV7lvt97K6ccmxpww,Crafter Duck GARAGE,@crafterduckgarage,432000,lifestyle,FALSE,FALSE,mostPopular,CY,,25,1037594758,FALSE,0,,0,Hobby;Lifestyle_(sociology);Fashion
UCkImxNuXHX2kXb3jTn3DdNQ,Ryan Bean,@ryan-bean,429000,lifestyle,FALSE,FALSE,mostPopular,,,476,266803331,FALSE,12,1,0,Lifestyle_(sociology);Hobby
UC9s3X-YjrzG-Wbi1v9GXauQ,ColeCake,@colecake,418000,lifestyle,FALSE,FALSE,mostPopular,,,458,953094261,FALSE,0,,0,Entertainment;Film
UCI-8dd3eVvdUVRtU919ZTkA,Karlson,@karlsonirl,415000,lifestyle,FALSE,FALSE,mostPopular,,,325,462383657,FALSE,2,1,0,Entertainment;Lifestyle_(sociology)
UCFAW0qun4atvusClZPZOUUQ,phoebeisginger,@phoebeisginger1,415000,lifestyle,FALSE,FALSE,mostPopular,GB,,831,312133807,FALSE,0,,0,Lifestyle_(sociology)
UCrmFCUP9ifHDgMQekwgsvcw,Raising Cades,@raisingcades,407000,lifestyle,FALSE,FALSE,mostPopular,US,,707,172053484,FALSE,15,1,0,Food;Lifestyle_(sociology)
UCfYD-5AtkXf92nNgx1seItA,Khoslaa,@shivanikhoslaa,399000,lifestyle,FALSE,FALSE,mostPopular,GB,,2775,314076629,FALSE,2,1,0,Lifestyle_(sociology);Hobby
UCUmuTrPF0Yo_u5XSbzF2B1w,Cheap Noodle,@cheapnoodle,391000,lifestyle,FALSE,FALSE,mostPopular,US,,522,536064353,FALSE,0,,0,Entertainment
UCmvYCRYPDlzSHVNCI_ViJDQ,Tiago Forte,@tiagoforte,389000,lifestyle,FALSE,FALSE,seed,US,,277,20219792,FALSE,23,1,0,Technology;Knowledge;Lifestyle_(sociology)
UCLQ2ZDS28QVRLjPaaMEtgOw,Brett Park,@brettpaint,382000,lifestyle,FALSE,FALSE,mostPopular,US,,561,257894537,FALSE,9,1,0,Hobby;Lifestyle_(sociology)
UCI4Ak7Qb5c1NMLu7bCNirbg,CB Store,@cbestore,378000,lifestyle,FALSE,FALSE,mostPopular,,,3805,881213486,FALSE,1,1,0,Fashion;Lifestyle_(sociology)
UCrGiL_aumVc49wCpwCHQWew,Priscilla Ventura ,@priscillaventurareact,371000,lifestyle,FALSE,FALSE,mostPopular,,,59,47670635,FALSE,15,0,0,Lifestyle_(sociology);Hobby
UC_CbkjWmY93XHMwdIOfVS4A,Kylie Katich,@kyliekatich,370000,lifestyle,FALSE,FALSE,mostPopular,US,,173,295105350,FALSE,3,1,0.333333333333333,Lifestyle_(sociology);Hobby
UC7kmwZACdujmvxhR51qShRQ,Cactus ,@cactustherescue,363000,lifestyle,FALSE,FALSE,mostPopular,US,,702,566011086,FALSE,0,,0,Entertainment;Pet;Lifestyle_(sociology)
UC2Pos35l91XL8YHUf178uHQ,luluxx,@luluxx_x,357000,lifestyle,FALSE,FALSE,mostPopular,US,,1298,109913915,FALSE,5,1,0.6,Lifestyle_(sociology)
UCKBpZE5iuiMgLa7n0DU5Ppw,Deck of DM Things,@deck_of_dm_things,350000,lifestyle,FALSE,FALSE,mostPopular,,,600,309861991,FALSE,0,,0,Video_game_culture;Lifestyle_(sociology);Hobby;Entertainment
UCCK7_HdCFAKTNBwh5KRAscA,Hopeless Core,@hopelesscorehub,347000,lifestyle,FALSE,FALSE,mostPopular,US,,565,1382826645,FALSE,0,,0,Humour;Entertainment;Lifestyle_(sociology)
UCeTyopncs35ywkS51GyEpJA,Gio Neema,@gioneema,335000,lifestyle,FALSE,FALSE,mostPopular,,,637,390091503,FALSE,0,,0,Lifestyle_(sociology);Entertainment
UCbymQ2WsHDRzxTOjWFrjGFA,Street Cents,@streetcents,335000,lifestyle,FALSE,FALSE,mostPopular,CA,,867,341912062,FALSE,4,1,0,Food;Lifestyle_(sociology)
UC7M7FPAAKYJTr8zDkUcHaoQ,RollingwithOphelia,@rollingwithophelia,334000,lifestyle,FALSE,FALSE,mostPopular,US,,341,123895845,FALSE,9,1,0,Tourism;Lifestyle_(sociology)
UCfCbSx2e98c-4goCwbi7HVg,Stefan Bodegrajac,@macromagicstef,330000,lifestyle,FALSE,FALSE,mostPopular,AU,,357,123155688,FALSE,0,,0,Food;Lifestyle_(sociology)
UCs0-Dw3Yqpp8YBP56cBVquQ,Crispy Pokemon,@crispypokemon,322000,lifestyle,FALSE,TRUE,mostPopular,,,61,43659991,FALSE,27,1,0.37037037037037,Video_game_culture;Lifestyle_(sociology);Hobby
UCetFZc7zWaz8zjzusOBq9LQ,Meat Hanger,@meat.hanger,306000,lifestyle,FALSE,FALSE,mostPopular,US,,144,176925655,FALSE,1,1,0,Food;Lifestyle_(sociology)
UCUEPKH4bAhBV8bc_2CvGMfg,That Lawn Dude,@thatlawndude,298000,lifestyle,FALSE,FALSE,mostPopular,US,,826,165378268,FALSE,3,1,0,Lifestyle_(sociology)
UC6vlRl6u8nli-ETccmL3Clw,Cutty Fruity,@cuttyfruity,297000,lifestyle,FALSE,FALSE,mostPopular,BD,,133,28615166,FALSE,0,,0,Lifestyle_(sociology);Entertainment
UCjTg4hVTWjY92voV_ostwnw,Darren,@saymaa-l2y,293000,lifestyle,FALSE,FALSE,mostPopular,,,21,20902034,FALSE,0,,0,Lifestyle_(sociology);Hobby
UCgWzUjKQukhhAHwVv3dqGgQ,Zaza in China,@zazainchina,291000,lifestyle,FALSE,FALSE,mostPopular,US,,150,42094709,FALSE,20,1,0,Food;Lifestyle_(sociology);Tourism
UCmnhc-orwrQVfKFJ_huR-PQ,patsyuchka,@patsyuchka,285000,lifestyle,FALSE,FALSE,mostPopular,,,411,401658194,FALSE,5,0,0,Film;Entertainment;Humour
UCDhBygFSzAFiE9nRAQzpKNg,Wally Shorts,@wallyshorts,281000,lifestyle,FALSE,FALSE,mostPopular,US,,371,289969406,FALSE,0,,0,Entertainment;Lifestyle_(sociology)
UCCx1FbW3D93dI5RfV-KLgkQ,NHWmotivation,@nhwmotivation,280000,lifestyle,FALSE,FALSE,mostPopular,DK,,368,178487645,FALSE,0,,0,Sport;Entertainment;Lifestyle_(sociology)
UCiwhQAh80dkuEEM94-Y3JTw,Mug Root Beer,@mugrootbeerofficial,273000,lifestyle,FALSE,FALSE,mostPopular,US,,245,141025539,FALSE,1,1,0,Food;Lifestyle_(sociology);Entertainment
UCHLG2Ys8gDOLlkCEFyYc7wA,Parand,@art_parand,263000,lifestyle,FALSE,FALSE,mostPopular,NL,,117,248332046,FALSE,0,,0,Hobby;Lifestyle_(sociology)
UCe32mxvpv2MlNIvmMpEuRhA,CUITSIN,@cuitsin,263000,lifestyle,FALSE,FALSE,mostPopular,,,107,268203720,FALSE,0,,0,Lifestyle_(sociology);Hobby
UCdUV185P228XVRRYOed8Nug,INCIDENT TV,@the_incident_tv,260000,lifestyle,FALSE,FALSE,mostPopular,US,,187,887008636,FALSE,0,,0,Lifestyle_(sociology);Entertainment
UCmR03KsZOjX1JxBTJMJX0rA,Grandma Lill Dronaik ,@lilliandronaik,260000,lifestyle,FALSE,FALSE,mostPopular,,,318,72965907,FALSE,0,,0,Lifestyle_(sociology);Entertainment
UCs0amr0UF_AocBTVtPySdvw,Dillon Latham Live,@dillonadvanced,258000,lifestyle,FALSE,FALSE,mostPopular,,,590,622562091,FALSE,1,1,0,Entertainment;Lifestyle_(sociology);Technology
UCcCQaR2KEOjluaH9kbAV4fQ,Backyard Athletics,@backyardathleticsusa,257000,lifestyle,FALSE,FALSE,mostPopular,,,1513,518181626,FALSE,3,1,0,American_football;Sport;Association_football
UC0OVjZa3HKSZuViqLJF57tg,Beaplumber,@beaplumber,237000,lifestyle,FALSE,FALSE,mostPopular,GB,,233,142767213,FALSE,2,1,0,Hobby;Lifestyle_(sociology)
UCiTHbmAiRSsYTK9BRmWsMsA,Nicki Positano,@nickipositano,235000,lifestyle,FALSE,FALSE,mostPopular,IT,,722,66889007,FALSE,50,1,0,Food;Lifestyle_(sociology);Tourism
UCJglzEqe73qyPhQoCvp2HlA,UNPOSED,@theunposed,232000,lifestyle,FALSE,FALSE,mostPopular,US,,19,22913324,FALSE,,,,Lifestyle_(sociology);Tourism
UCACJSVLA_mtvbzh1PcHFmCw,Jarvis & Kay Gambles,@jarviskaygambles,229000,lifestyle,FALSE,FALSE,mostPopular,US,,370,126417321,FALSE,8,1,0,Technology;Lifestyle_(sociology)
UC3-UcyaNhLC5kQKNxLY72uQ,Aerial1969,@aerial1969,227000,lifestyle,FALSE,FALSE,mostPopular,US,,661,397134318,FALSE,0,,0,Entertainment;Film
UCqZDrYZzMKawDbxV-SiMLAQ,Kaitlyn Lavery,@kaitlyneats,226000,lifestyle,FALSE,FALSE,mostPopular,,,1309,374022063,FALSE,1,1,0,Tourism;Lifestyle_(sociology);Food
UCjnRXOTdP-K55y44_QL7GKw,DriftSoul,@realdriftsoul,226000,lifestyle,FALSE,FALSE,mostPopular,,,355,612978724,FALSE,0,,0,Entertainment;Lifestyle_(sociology)
UCFcLK2SlkDHt_RFOxqhCzDA,Itsjustkeira,@itsjustkeira,225000,lifestyle,FALSE,FALSE,mostPopular,GB,,1,47946,FALSE,,,,""
UCcD-L6IrYdsEAMbmJjSqDJg,UNFAZED WARRIORS,@unfazedwarriors,222000,lifestyle,FALSE,FALSE,mostPopular,SI,,359,1294698091,FALSE,0,,0,Food;Lifestyle_(sociology)
UCOxPcUrUHBilmv2CbldQbvg,Tynx,@tynx-u8n,218000,lifestyle,FALSE,FALSE,mostPopular,,,203,332659547,FALSE,0,,0,Entertainment;Lifestyle_(sociology)
UCKcTjHwCmaGYrutySF6KH3Q,Nigel Lewis,@lewisofsunningdale,215000,lifestyle,FALSE,FALSE,mostPopular,GB,,147,130061913,FALSE,14,1,0,Lifestyle_(sociology);Food
UCNbaDnH-NWdsuoqHgP04D1g,Gojo Hub,@gojohub123,206000,lifestyle,FALSE,FALSE,mostPopular,,,15,8343667,FALSE,,,,Association_football;Sport
UCB-NZ--PZPewDlEVzcUGNRA,Gracekellyanneats ,@gracekellyanneats,205000,lifestyle,FALSE,FALSE,mostPopular,US,,266,82308143,FALSE,0,,0,Lifestyle_(sociology);Food
UC5hv4_SaLNlFOC3wsHJIPcg,Dude Real,@duderealmedia,202000,lifestyle,FALSE,FALSE,mostPopular,,,297,432448388,FALSE,0,,0,Entertainment;Lifestyle_(sociology)
UCRKStFXH8LYlWqr1BuuD1eQ,Andy Jensen,@pictelate,196000,lifestyle,FALSE,FALSE,mostPopular,,,264,166343731,FALSE,0,,0,Lifestyle_(sociology)
UCx7Y_JoCf__O5O3p4yPnB_A,Lucas Eddy,@lucaseddyy,187000,lifestyle,FALSE,FALSE,mostPopular,CA,,96,269494349,FALSE,0,,0,Food;Lifestyle_(sociology)
UCZA8j1IBoxCZ1kmx0BaVa2Q,Ashley Paige,@ashley.paiige,187000,lifestyle,FALSE,FALSE,mostPopular,,,1374,167328061,FALSE,0,,0,Lifestyle_(sociology);Food
UCERmD0Vg9NEMuSgw4YNZ2WA,Great Canadian Bungee,@bungeecan,186000,lifestyle,FALSE,FALSE,mostPopular,,,452,308129558,FALSE,0,,0,Sport;Lifestyle_(sociology);Tourism
UC4utQDQkon-Cbo-YMWJDI8Q,HLD Cards & Collectibles,@hldcards,186000,lifestyle,FALSE,FALSE,mostPopular,US,,158,130046226,FALSE,3,1,1,Hobby;Lifestyle_(sociology)
UCOLBhVvL5dcJLMZeQBUu1Vw,Ting-Daily life  in China,@tingdailylifeinchina,184000,lifestyle,FALSE,FALSE,mostPopular,US,,62,30900933,FALSE,50,1,0,Lifestyle_(sociology);Food
UCEdA1ifbOxP8ia3CNECVuNg,Caroline Parker,@mummysflippinhouse,182000,lifestyle,FALSE,FALSE,mostPopular,,,1009,111916408,FALSE,4,1,0.25,Lifestyle_(sociology)
UCiolFxnJSOPMmV1mh9EYyIQ,The Real Sprometheus,@sprometheus,181000,lifestyle,FALSE,FALSE,seed,US,,517,64729917,FALSE,26,1,0,Lifestyle_(sociology);Food
UCmkFFL_UMKLOmjm8NhVKGhA,Arthur & Korra,@serafimdogtraining,181000,lifestyle,FALSE,FALSE,mostPopular,,,168,275387401,FALSE,2,1,0,Lifestyle_(sociology);Pet
UCBpnGT8NMFUKQeJyjuHdtlw,Megan Odoch 💘,@meganodoch,181000,lifestyle,FALSE,FALSE,mostPopular,,,341,115157135,FALSE,0,,0,Lifestyle_(sociology)
UCDIJ51_4G_BXD9x_Wde8pMA,Cassie Aran,@cassiearan,178000,lifestyle,FALSE,FALSE,mostPopular,US,,3395,37714595,FALSE,2,1,0,Lifestyle_(sociology)
UCZdSPpG2sBCpFN5YFx1SvhA,Zoe Rae,@zoeellenrae,174000,lifestyle,FALSE,TRUE,mostPopular,,,184,33638373,FALSE,50,1,0.12,Lifestyle_(sociology)
UCt2RWJF-54dArXTtt9c1ehQ,Searching With Sophia,@searchingwithsophia,168000,lifestyle,FALSE,FALSE,mostPopular,US,,471,210242915,FALSE,0,,0,Entertainment;Lifestyle_(sociology)
UCLEqFVXtyrGtYl5F1npgQ8g,Disturbia Files,@disturbiafiles69,165000,lifestyle,FALSE,FALSE,mostPopular,,,187,370128614,FALSE,0,,0,Entertainment
UCJW_Aqgsm_05D2y0j1W8I_Q,UZPH,@underzoneph,165000,lifestyle,FALSE,FALSE,mostPopular,PH,,823,274873793,FALSE,0,,0,Lifestyle_(sociology);Food
UCkaFsF378jNuL2xmZMH9knQ,Foxes Afloat,@foxesafloat,164000,lifestyle,FALSE,FALSE,mostPopular,GB,,647,39444974,FALSE,21,1,0,Lifestyle_(sociology)
UC2mLNKZLi1SXKpwCfo10ILQ,Muatter Mohsin,@muattermohsin,158000,lifestyle,FALSE,FALSE,mostPopular,,,724,58127893,FALSE,47,0,0,Lifestyle_(sociology);Food
UCJ4fcizXJbl-sAc_ProF0qA,"IconicAri, AliUnfiltered & MamaNic",@theiconicunfilteredfamily,149000,lifestyle,FALSE,FALSE,mostPopular,,,705,130990395,FALSE,0,,0,Entertainment;Lifestyle_(sociology)
UC_ummvosaT2x1fP9aSLBRaw,zanadia si’mone,@zanadiasimone,148000,lifestyle,FALSE,TRUE,mostPopular,,,599,29313371,FALSE,36,1,0.0833333333333333,Lifestyle_(sociology)
UCnXheWB9lQDaxs9vh-0zFCw,Oh My Holly,@ohmy_holly,148000,lifestyle,FALSE,FALSE,mostPopular,AU,,996,315703775,FALSE,0,,0,Lifestyle_(sociology)
UCNHrOUqB53vxbB8lElM967w,Sopha Dopha ,@sopha_dopha,147000,lifestyle,FALSE,TRUE,mostPopular,,,287,19476095,FALSE,38,1,0.0263157894736842,Lifestyle_(sociology)
UCGPRNbnHZwdMbkpJSEVy3pw,TheDailyCurio,@thedailycuri,147000,lifestyle,FALSE,FALSE,mostPopular,US,,567,434197904,FALSE,0,,0,Hobby;Lifestyle_(sociology)
UCoKZHcwRRy1CPjiWaaiTSxw,Reckless Dashcam,@reckless_dashcam,143000,lifestyle,FALSE,FALSE,mostPopular,US,,141,520719403,FALSE,0,,0,Entertainment;Vehicle;Lifestyle_(sociology)
UCMXkpquk0zdp09iEYe8ywCw,Ozyrix kyt,@ozyrixkyt,143000,lifestyle,FALSE,FALSE,mostPopular,,,40,3226730,FALSE,0,,0,Technology;Lifestyle_(sociology);Entertainment
UCp6KrsyfSJvseTMfC5lHAOQ,kim and tanaka,@kim_and_tanaka,142000,lifestyle,FALSE,FALSE,mostPopular,,,416,19007748,FALSE,50,1,0,Lifestyle_(sociology)
UCJPmb1djNKrXqPD1EXmi_lg,Claudie Mercier,@claudiemercier,142000,lifestyle,FALSE,FALSE,mostPopular,CA,,244,17566689,FALSE,20,0,0,Lifestyle_(sociology);Food
UC410-vsQ-vQJbZ6YfYYEMIw,Hispanixs,@hispanixs,139000,lifestyle,FALSE,FALSE,mostPopular,US,,277,195777806,FALSE,0,,0,Food;Lifestyle_(sociology)
UCrR72FA4fiK5kH4efsPkh5A,Shorts Station,@shortsstatioon,134000,lifestyle,FALSE,FALSE,mostPopular,US,,293,255744235,FALSE,0,,0,Entertainment;Lifestyle_(sociology)
UCsr31chn1o2Blp5gELxlS1g,Danila Leykin,@danila_leykin,134000,lifestyle,FALSE,FALSE,mostPopular,,,193,336931573,FALSE,0,,0,Sport;Physical_fitness;Lifestyle_(sociology)
UCN6lMp0ZGaN1WO1lMO3fo-Q,World Food Bang,@wfb_yt,133000,lifestyle,FALSE,FALSE,mostPopular,US,,92,10023660,FALSE,0,,0,Lifestyle_(sociology);Food
UCcevnYMgxawKvn9n_lgso_w,Kairouz Bros,@kairouzbros,130000,lifestyle,FALSE,FALSE,mostPopular,,,3176,186647401,FALSE,4,1,0,Lifestyle_(sociology);Entertainment;Sport;Mixed_martial_arts
UCMLhbO4Dq-TBObUV03QMXag,JASH,@jash2034,129000,lifestyle,FALSE,FALSE,mostPopular,PH,,173,156592895,FALSE,0,,0,Entertainment;Lifestyle_(sociology)
UC4q8Q333FtrACaqd39wXjCA,Comedy Blast,@wildnatureshots-q8o,126000,lifestyle,FALSE,FALSE,mostPopular,US,,432,145124418,FALSE,0,,0,Lifestyle_(sociology);Entertainment;Hobby
UC35GDNxY120jm_JyzstCeGw,Silent Roots,@silentroots7,123000,lifestyle,FALSE,FALSE,mostPopular,,,413,129274880,FALSE,0,,0,Hobby;Lifestyle_(sociology)
UCt9V5niMQ8G-UxADwj51WSA,Ky virals,@kyvirals,123000,lifestyle,FALSE,FALSE,mostPopular,,,408,461096321,FALSE,0,,0,Lifestyle_(sociology)
UCDTu98rUiaCDpvirTzvPPzg,Vilux,@viluxofficial,122000,lifestyle,FALSE,FALSE,mostPopular,US,,393,688577926,FALSE,0,,0,Film;Entertainment;Lifestyle_(sociology);Vehicle;Television_program
UCGuL-e-ka0avJT35zFk0o5Q,tiffanythinks,@tiffanythinks,121000,lifestyle,FALSE,FALSE,mostPopular,,,763,62775916,FALSE,50,1,0,Lifestyle_(sociology);Health
UC136ULd-O8FbQsSrz8FkVsw,ZipString,@zipstringhq,121000,lifestyle,FALSE,FALSE,mostPopular,,,562,70489316,FALSE,0,,0,Entertainment;Lifestyle_(sociology);Hobby
UC1zd3YzKBOBsKW92gilw53Q,Amber J Baldwin,@amberjbaldwin,120000,lifestyle,FALSE,TRUE,mostPopular,US,,486,15011047,FALSE,47,1,0.361702127659575,Lifestyle_(sociology);Tourism
UC1OJVHZqSk2dqLJZ3xxoWoA,Brad and Mill,@bradandmill,120000,lifestyle,FALSE,FALSE,mostPopular,GB,,851,211558092,FALSE,4,1,0.25,Lifestyle_(sociology);Entertainment;Film
UC_kS4k76sHHZiY1w2-Sw2Eg,URName,@trippyclaps,119000,lifestyle,FALSE,FALSE,mostPopular,US,,427,199058369,FALSE,0,,0,Pet;Lifestyle_(sociology);Hobby;Entertainment
UCvERhFKvviV6PycKrarxGdg,Jelly Besties,@jellybesties,114000,lifestyle,FALSE,FALSE,mostPopular,US,,94,29402517,FALSE,0,,0,Lifestyle_(sociology);Hobby
UCpTJRtcZvAa07ue6RAbgZKw,NurseZee,@gonursezee,103000,lifestyle,FALSE,FALSE,mostPopular,US,,1338,501796589,FALSE,0,,0,Lifestyle_(sociology);Health;Humour;Entertainment
UCj3iQ_hv5YC5psi9qRrpvQw,Police Bodycam Arrests HQ,@policebodycamarrestshq,103000,lifestyle,FALSE,FALSE,mostPopular,US,,409,130274016,FALSE,6,1,0,Society;Entertainment;Knowledge
UCt1uRgID0PpzanQgSRT-iEQ,Vanessa Merrell,@vanessa_merrell,97800,lifestyle,FALSE,FALSE,mostPopular,,,104,8732199,FALSE,,,,Lifestyle_(sociology)
UCy3Wz8PfxsypmYdzS3vfHzA,Sorrow Sky,@sorrowskymusic,92200,lifestyle,FALSE,FALSE,mostPopular,US,,169,369918588,FALSE,,,,Humour;Entertainment;Music
UC8sC8rFjhDd43MZxmQ4iDNw,Honey Bison,@honeybison,91900,lifestyle,FALSE,FALSE,mostPopular,US,,320,19818080,FALSE,,,,Lifestyle_(sociology);Health
UCPdKVL2QgDfBXcIW3jC3B2Q,Jo Good - MiddleAgedMinx,@middleagedminx,90800,lifestyle,FALSE,FALSE,mostPopular,GB,,596,24121071,FALSE,,,,Fashion;Lifestyle_(sociology)
UC65W_ohqu7xQ22g3xcmPrQA,Whisper of Lines,@whisperoflines-g5t,89400,lifestyle,FALSE,FALSE,mostPopular,US,,1737,639636415,FALSE,,,,""
UCdmf1Q9FIEbwuwTh9pX-ILw,Tennessee Thresh,@tennesseethresh,88900,lifestyle,FALSE,FALSE,mostPopular,,,79,6903100,FALSE,,,,Film;Lifestyle_(sociology);Entertainment
UC_imz2_buszi6K_P8CHhKaQ,Paige Ginn,@paigeginn13,88000,lifestyle,FALSE,FALSE,mostPopular,US,,75,6488064,FALSE,,,,Humour;Lifestyle_(sociology);Entertainment;Film
UCCg3HCuc19YOYH22gVQXsmQ,Nhúngcarbon-trươngtiển,@nhungcarbon-truongtien,87700,lifestyle,FALSE,FALSE,mostPopular,,,323,257891903,FALSE,,,,Lifestyle_(sociology);Hobby
UC6Kr-vxexB1NPnL-q9DjNuA,Brian's life in France,@brianslifeinfrance,87300,lifestyle,FALSE,FALSE,mostPopular,FR,,355,18326229,FALSE,,,,Tourism;Lifestyle_(sociology);Hobby
UCSBsMmxqh06qh5o4DnGrKVA,Growing Little Ones,@growing.littleones,86600,lifestyle,FALSE,FALSE,mostPopular,,,40,89668024,FALSE,,,,Lifestyle_(sociology)
UCABd-G-yaqjdqob1cfeM93A,Visit Our Garden,@visitourgarden,85200,lifestyle,FALSE,FALSE,mostPopular,US,,1138,24834814,FALSE,,,,Lifestyle_(sociology);Hobby
UCUQCUGjl8t_O9hVfVMK7rGQ,Joe Bonham,@joebonhamofficial,84400,lifestyle,FALSE,FALSE,mostPopular,,,136,226681222,FALSE,,,,American_football;Sport;Lifestyle_(sociology)
UCQE-ir3JkMA5-r8-5-oI6bw,The Daily Short,@thedailyshort1,84200,lifestyle,FALSE,FALSE,mostPopular,KR,,764,214098519,FALSE,,,,Lifestyle_(sociology)
UChAmNh2ijbxLDUUDTHd0SjQ,Casey Cromwell,@collegeceliackc,82600,lifestyle,FALSE,FALSE,mostPopular,,,870,241735144,FALSE,,,,Health;Lifestyle_(sociology);Food
UCqy2bRRtQLGQYOpEGnOUCFA,Julie Stanton,@juliestanton1,82400,lifestyle,FALSE,FALSE,mostPopular,GB,,577,20437524,FALSE,,,,Lifestyle_(sociology)
UCn6k8n3uXJrdnUMtfMhm8iA,Brigette and Danielle ,@brigetteanddanielle,79900,lifestyle,FALSE,FALSE,mostPopular,US,,149,7779914,FALSE,,,,Lifestyle_(sociology)
UCY9oC1-h5pcFe6NJcWg9JmQ,awilky,@awilky,78800,lifestyle,FALSE,FALSE,mostPopular,,,161,6466541,FALSE,,,,Lifestyle_(sociology);Fashion
UCTO6SN8nkMdwxkFujwqN_Pg,Astralithos ,@astralithos-j5m,78400,lifestyle,FALSE,FALSE,mostPopular,US,,198,261745078,FALSE,,,,Television_program;Entertainment;Film
UCJ_7_c7iTqUpYsidCYidATQ,burgerfection,@burgerfection,77900,lifestyle,FALSE,FALSE,mostPopular,,,30,27810053,FALSE,,,,Lifestyle_(sociology);Food
UCk0og_zx9M32aisOpkVNQZA,Ava Daniels,@avaadaniels,75800,lifestyle,FALSE,FALSE,mostPopular,,,103,6571401,FALSE,,,,Fashion;Lifestyle_(sociology)
UCIU5g4mRXwcx8M0-WSDsEiw,The Epic Toolbox,@theepictoolbox,75800,lifestyle,FALSE,FALSE,mostPopular,US,,247,138244840,FALSE,,,,Hobby;Lifestyle_(sociology)
UCnP2KFQiB8CBn0iPsrA6nMQ,Girly Pop Daily,@girlypopdaily,75000,lifestyle,FALSE,FALSE,mostPopular,,,1043,420836425,FALSE,,,,Lifestyle_(sociology);Entertainment
UCSkQaVSvdpel9kCg37EEcFQ,Andrey All Right,@andreyallright,74900,lifestyle,FALSE,FALSE,mostPopular,DE,,175,30860691,FALSE,,,,Lifestyle_(sociology)
UCAIej2uMfGMt3WhMmnLIXRA,Lydia Hewitt-Lee,@lydiahewittlee,69000,lifestyle,FALSE,FALSE,mostPopular,,,159,6773213,FALSE,,,,Lifestyle_(sociology)
UCJ859DfHktbOYqLDzX__9cQ,Vicki Adams,@vickiadams26,68600,lifestyle,FALSE,FALSE,mostPopular,US,,15,2140684,FALSE,,,,Lifestyle_(sociology);Food
UCE1-t5kUSwVSsvJyqwvunEg,Jordin,@jordinslifeee,68600,lifestyle,FALSE,FALSE,mostPopular,US,,243,52844663,FALSE,,,,Lifestyle_(sociology);Tourism
UCfMnZKxYVW-GS6Lo6wV4BUA,Viralzac,@viralzac,68500,lifestyle,FALSE,FALSE,mostPopular,IN,,204,108183278,FALSE,,,,Entertainment;Lifestyle_(sociology)
UCE4qmUzaZfrtGFGcMV_Ja5g,Hogan Twins,@hogantwins,67800,lifestyle,FALSE,FALSE,mostPopular,AU,,456,19682332,FALSE,,,,Lifestyle_(sociology);Food
UCF0y5456NTAuq9B0MoXtJOA,Imogen Cribb,@imogen_cribb,67000,lifestyle,FALSE,FALSE,mostPopular,,,203,9513742,FALSE,,,,Lifestyle_(sociology)
UCPzxNrFzM7vw135qpkwFmLA,Static Nest,@staticnest,66100,lifestyle,FALSE,FALSE,mostPopular,US,,78,314387439,FALSE,,,,Entertainment;Lifestyle_(sociology)
UCY4CjXk0-8vUO2b2UYu-Ynw,DashCam Files,@dashcam_filesyt,63700,lifestyle,FALSE,FALSE,mostPopular,US,,184,150564576,FALSE,,,,Entertainment;Vehicle;Lifestyle_(sociology)
UCkpgOQegYvnbnCCJThfrPcQ,Vanessa (Fetching Collies),@fetching_collies,62000,lifestyle,FALSE,FALSE,mostPopular,AU,,949,89338429,FALSE,,,,Hobby;Pet;Lifestyle_(sociology)
UCMrW8zA3smz13psHX4QXjtw,ORIGINAL CRIMES,@original_crimes,61400,lifestyle,FALSE,FALSE,mostPopular,US,,98,175425990,FALSE,,,,Lifestyle_(sociology);Entertainment;Society
UCOM3ZRIRAE8G9_gaMLXsa7w,Papi Luisito,@papiluisito95,61200,lifestyle,FALSE,FALSE,mostPopular,,,13,774193,FALSE,,,,Food;Lifestyle_(sociology);Tourism
UCD5FGkIFBbXYZB07GI_unHA,S&C 3D Printed,@sc3dprinted,61000,lifestyle,FALSE,FALSE,mostPopular,CA,,40,75449870,FALSE,,,,Lifestyle_(sociology);Hobby
UCIUrj0YTFoMEucl9VSSbhQw,The_Shortcut_Lab,@the_shortcut_lab,60300,lifestyle,FALSE,FALSE,mostPopular,,,813,40408907,FALSE,,,,Food;Lifestyle_(sociology)
UCNeR4qZaL0TW4zdB2Q9YIGQ,Hannah Lowther,@hannahlowtherofficial,59000,lifestyle,FALSE,FALSE,mostPopular,GB,,400,14615727,FALSE,,,,Performing_arts;Entertainment;Lifestyle_(sociology)
UCTK9D8aqvCsA-I2TZlEw2Jw,Sister Code,@realsistercode,58400,lifestyle,FALSE,FALSE,mostPopular,CA,,41,140387194,FALSE,,,,Film;Lifestyle_(sociology);Entertainment;Food
UC8St4o1k9nGmFzTFncajTmw,Core Instinct,@coreinstinctv,57100,lifestyle,FALSE,FALSE,mostPopular,TR,,294,499209160,FALSE,,,,Food;Lifestyle_(sociology)
UCVOr2hJGX1j1VE2LSZyannw,NEST Outdoors,@nestoutdoors,56900,lifestyle,FALSE,FALSE,mostPopular,US,,1154,125988255,FALSE,,,,Lifestyle_(sociology);Hobby;Pet
UCkeWfaDoJk7IBhl-XWgt6hA,Miles Motivation,@miles_motivation,54800,lifestyle,FALSE,FALSE,mostPopular,SE,,49,94089568,FALSE,,,,Entertainment;Lifestyle_(sociology)
UCspEJyDcGYPoQT8iWbDMIIg,Rathore Rdx,@rathorerdx,54600,lifestyle,FALSE,FALSE,mostPopular,,,23,20785882,FALSE,,,,Video_game_culture
UCD2Eg95h4umfkKHkq-p1T4w,Ffion Morgan,@ffionmorganvlogs,51000,lifestyle,FALSE,FALSE,mostPopular,,,162,10761118,FALSE,,,,Association_football;Lifestyle_(sociology);Sport
UCU70EXPhef1--7uifBo_ZXg,Ayushmaan Sethi,@theayushmaansethi,49900,lifestyle,FALSE,FALSE,mostPopular,,,4,1112508,FALSE,,,,""
UCFTNvbo4L49uiVcdodmJJVA,Benji Void,@benjivoid,49800,lifestyle,FALSE,FALSE,mostPopular,,,98,126281032,FALSE,,,,Pet;Lifestyle_(sociology);Entertainment;Sport
UCHuboDewzQdw14d4Wsem1Ew,MambaFX Capital,@mambafxcapital,48500,lifestyle,FALSE,FALSE,mostPopular,US,,236,71582000,FALSE,,,,Vehicle;Lifestyle_(sociology);Entertainment
UCgK9Kr0kei7MlQpRuDRSD_w,Anasala_fam,@fan_anasala,47300,lifestyle,FALSE,FALSE,mostPopular,,,11,2125077,FALSE,,,,Lifestyle_(sociology);Food
UCUszEdjFb7-rGIcNHnjJjYg,ClashBiker,@clashbiker,45700,lifestyle,FALSE,FALSE,mostPopular,US,,260,279985958,FALSE,,,,Lifestyle_(sociology);Vehicle
UCDkALtrjbKZCejwTsKy3Wcw,Grim,@grimtheozzy,43700,lifestyle,FALSE,FALSE,mostPopular,,,438,115934979,FALSE,,,,Lifestyle_(sociology);Pet
UC4G8iLiigYwkFBRAVONStFg,Heather Bowling,@heatherbowlingxx,42100,lifestyle,FALSE,FALSE,mostPopular,,,31,1868078,FALSE,,,,Lifestyle_(sociology);Tourism
UC1bZYgOAVp_UUXMhg5U2mYw,Judah & Katie,@judahandkatie,41600,lifestyle,FALSE,FALSE,mostPopular,US,,168,6506532,FALSE,,,,Lifestyle_(sociology)
UCTMXgo2YL6W4jpLSUZmvDyQ,Momina Hamza ,@mominahamza2410,40900,lifestyle,FALSE,FALSE,mostPopular,PK,,10,3680681,FALSE,,,,""
UCYQMLUwG_iEpeydaB2P61Lg,Adam Christman,@dradamchristman,40000,lifestyle,FALSE,FALSE,mostPopular,US,,1527,27712753,FALSE,,,,Entertainment;Lifestyle_(sociology);Pet;Health
UCsW-cQYTLwFGQZrAMJaVDig,VB Highlights,@volleyballbabe1,39100,lifestyle,FALSE,FALSE,mostPopular,US,,133,136297336,FALSE,,,,Volleyball;Sport;Lifestyle_(sociology)
UCgB0eIuj0i-sLlkNfHvD4Ew,MunchMinion4,@munchminion4,38500,lifestyle,FALSE,FALSE,mostPopular,US,,326,19704867,FALSE,,,,Lifestyle_(sociology);Entertainment
UC-AiReFs2tbuwrjpPnazaEQ,SFX Plumber,@sfxplumber,38200,lifestyle,FALSE,FALSE,mostPopular,GB,,635,53752743,FALSE,,,,Hobby;Lifestyle_(sociology)
UCSakMtg0xSWdaAZGo0-5nOA,Fixzone,@fixzone-y2x,37600,lifestyle,FALSE,FALSE,mostPopular,,,345,67303703,FALSE,,,,Vehicle;Lifestyle_(sociology)
UCmc24905eEy5DKrUgQDLdww,Becky Lee,@singlewithms,37600,lifestyle,FALSE,FALSE,mostPopular,,,418,29173486,FALSE,,,,Health;Lifestyle_(sociology)
UCLO_tLrBpSYCRV2_qLRLjhg,AmazonTales,@amazontales8,36400,lifestyle,FALSE,FALSE,mostPopular,US,,310,93988665,FALSE,,,,Lifestyle_(sociology);Entertainment;Film
UCQICcRd8tbX6LTaIr58mLzA,FACE FIX,@facefixshorts,36300,lifestyle,FALSE,FALSE,mostPopular,US,,2626,418010739,FALSE,,,,Entertainment;Lifestyle_(sociology)
UCnqkVuTM_6LUoiTi4K9ZzqQ,Wrestling Clipped,@wrestlingclipped,34000,lifestyle,FALSE,FALSE,mostPopular,,,224,70550291,FALSE,,,,Lifestyle_(sociology);Sport;Professional_wrestling
UCPCzLMNbPXm4s5-svpNxfug,Katie Hunt,@katiehuntt,33700,lifestyle,FALSE,FALSE,mostPopular,,,18,2906305,FALSE,,,,Food;Lifestyle_(sociology);Tourism
UCkTtdbUnmjNNe8q08JmrXHw,Indra in America,@indrainamerica,33600,lifestyle,FALSE,FALSE,mostPopular,,,141,124626355,FALSE,,,,Entertainment;Health;Lifestyle_(sociology);Film
UCX1V_z2eR_IFnb8xoxyY9ww,TheSliceOfJess,@thesliceofjess,33300,lifestyle,FALSE,FALSE,mostPopular,GB,,1104,11027187,FALSE,,,,Lifestyle_(sociology)
UC-K_B3ltrqZNyzFII1GB6mw,Section59 Ldn,@section59ldn,32300,lifestyle,FALSE,FALSE,mostPopular,,,1173,129283930,FALSE,,,,Lifestyle_(sociology);Vehicle
UCrjjU8IM4gIMEjUoTgzP32w,angel0nice,@angellhxw,32200,lifestyle,FALSE,FALSE,mostPopular,AU,,366,47611560,FALSE,,,,Sport;Lifestyle_(sociology)
UCT3OdOqWjnBIOaekXpoWF4A,Jasmine Gaziza Müller,@jasminegmuller,30900,lifestyle,FALSE,FALSE,mostPopular,GB,,5,540736,FALSE,,,,Lifestyle_(sociology)
UC8FaP05wGbnmVUDyitGDW8g,@indyclinton,@indyclintonh,30800,lifestyle,FALSE,FALSE,mostPopular,US,,163,34620976,FALSE,,,,Film;Entertainment;Lifestyle_(sociology)
UCgZKFriDFeYLgk1nBbZTgvw,Anil and Maya,@anilandmaya,30500,lifestyle,FALSE,FALSE,mostPopular,AU,,492,9829953,FALSE,,,,Music_of_Asia;Lifestyle_(sociology)
UCS4mc1bGSCVNroDrGNZ2DIg,Vogue Williams - What Does She Even Do?,@voguewilliamswhatdoessheevendo,30400,lifestyle,FALSE,FALSE,mostPopular,GB,,43,2882251,FALSE,,,,Lifestyle_(sociology)
UCpgMSR-L_FKJT67xdqe3EDA,JimsSkidService,@jimsskidservice,30100,lifestyle,FALSE,FALSE,mostPopular,AU,,724,55308557,FALSE,,,,Sport;Lifestyle_(sociology);Vehicle;Motorsport
UCOdyI9mISUbr59RZcWwLk4A,COBALT RAIDERS,@cobalt_raiders,29000,lifestyle,FALSE,FALSE,mostPopular,,,120,41350055,FALSE,,,,Vehicle;Lifestyle_(sociology)
UC8ZmFZyzt6upJ8iA8Xd1SOA,Crime On Sight,@crimeonsight,28300,lifestyle,FALSE,FALSE,mostPopular,AR,,94,103948178,FALSE,,,,Lifestyle_(sociology);Entertainment;Vehicle
UCzQVFMWMh5E5fycd7SuZn7A,SethVVT,@sethvvt.,25700,lifestyle,FALSE,FALSE,mostPopular,,,46,9729604,FALSE,,,,Vehicle;Lifestyle_(sociology)
UCQ3rCIGpAahunmKDkku-mkA,Milly,@millybelgrave,25400,lifestyle,FALSE,FALSE,mostPopular,,,1,169481,FALSE,,,,""
UCXD5IzhG6hTXVE-xq5kvFSg,Quick Mind Growth,@quickmindgrowth,25300,lifestyle,FALSE,FALSE,mostPopular,US,,279,23938565,FALSE,,,,Lifestyle_(sociology);Health;Food
UCuy4e3WxK0xVDfD3qFlntYQ,Samantha Leclerc,@samanthaleclerc,25300,lifestyle,FALSE,FALSE,mostPopular,,,17,723589,FALSE,,,,Lifestyle_(sociology)
UCq-YDxfN_Yy6jb02pMeB49g,Zentrix,@zentrix-x7h,24000,lifestyle,FALSE,FALSE,mostPopular,US,,25,11701903,FALSE,,,,Entertainment;Pet;Lifestyle_(sociology)
UCAf-UK7eyxFDo0BW0XCNGeQ,Keanu the Pomeranian,@keanuthepompom,23400,lifestyle,FALSE,FALSE,mostPopular,US,,116,62006275,FALSE,,,,Pet;Lifestyle_(sociology)
UCZr_j8PLw9POU6ftu2fdRxA,freshhbanana,@freshhbanana,23400,lifestyle,FALSE,FALSE,mostPopular,GB,,55,54376247,FALSE,,,,Film;Entertainment
UC0H3D8LCwGQ7lMKcpUi8onA,The Food Media,@foodmediaa,22500,lifestyle,FALSE,FALSE,mostPopular,US,,226,129759852,FALSE,,,,Food;Lifestyle_(sociology)
UC6N04bictaqaA8gkkAr0e9A,Globe Explorer,@globeexplorerreal,21300,lifestyle,FALSE,FALSE,mostPopular,,,28,13219259,FALSE,,,,Lifestyle_(sociology);Tourism
UCLLiYceFuh_Fl29L-MjBNEQ,My Supa Life,@mysupalifejoel,21100,lifestyle,FALSE,FALSE,mostPopular,CA,,458,27767296,FALSE,,,,Hobby;Lifestyle_(sociology)
UClA8ovpO57MstiGb6tbW2Dw,Zachs Smoke Show,@zachssmokeshow,20600,lifestyle,FALSE,FALSE,mostPopular,,,469,39844903,FALSE,,,,Food;Lifestyle_(sociology)
UC5UAHKQidDDbpRRp36rdIBA,holly morris,@holymorridge,20000,lifestyle,FALSE,FALSE,mostPopular,GB,,299,4543671,FALSE,,,,Lifestyle_(sociology)
UCLzFRW2ugKi9pLJ3cR-dLDQ,Built Different,@builtdifferentgym,19800,lifestyle,FALSE,FALSE,mostPopular,US,,366,46106337,FALSE,,,,Health;Lifestyle_(sociology);Physical_fitness
UCcQcCzmB0UPR2xMIBSHj6DA,Nurse Tara Official,@nursetaraofficial,19100,lifestyle,FALSE,FALSE,mostPopular,,,23,16684875,FALSE,,,,""
UClWsDm77M2AmRcxa0Ms4dkw,PodFlash,@thepodflash1,18700,lifestyle,FALSE,FALSE,mostPopular,US,,13,1249284,FALSE,,,,Professional_wrestling;Entertainment;Performing_arts;Hobby;Lifestyle_(sociology)
UCiC5TAjz1bhxBPCmwdSvWmA,Mr Nh2 Explai,@mrnh2explai,18400,lifestyle,FALSE,FALSE,mostPopular,BD,,229,52665627,FALSE,,,,Lifestyle_(sociology)
UCcVQHMy4BUR9RT2348nznGg,Jet Planet,@jet-planet,17500,lifestyle,FALSE,FALSE,mostPopular,US,,73,26703378,FALSE,,,,Vehicle;Lifestyle_(sociology);Military;Society
UCzCmGb_2AC2qDQEZDAtKMrA,CalicoNeko,@itscaliconeko,17100,lifestyle,FALSE,FALSE,mostPopular,US,,3,4805235,FALSE,,,,Action-adventure_game;Video_game_culture;Role-playing_video_game;Action_game
UCZX7GvX7bk-8elh3NF3FBLg,Davescarrepaircenter,@davescarrepaircenter,16600,lifestyle,FALSE,FALSE,mostPopular,,,78,11246034,FALSE,,,,Vehicle;Lifestyle_(sociology)
UCIOfOC3imHX-Qh47yPblxjg,Girlinator,@girlienator,16200,lifestyle,FALSE,FALSE,mostPopular,,,401,99347437,FALSE,,,,Lifestyle_(sociology);Entertainment
UCLOLeChGR3w_-zjIUf0J6Jw,HouseOfSaiyans,@houseofsaiyans,16100,lifestyle,FALSE,FALSE,mostPopular,US,,70,1785418,FALSE,,,,Food;Lifestyle_(sociology)
UCesbumwRYpQQFCSyu7zBVxg,DögTube 🐾,@dogtube.0,15600,lifestyle,FALSE,FALSE,mostPopular,US,,654,13099623,FALSE,,,,Lifestyle_(sociology);Pet;Food;Entertainment
UColmOO6v0RbKuMaHapdwyZQ,DuckDuffy,@duffy2808,15200,lifestyle,FALSE,FALSE,mostPopular,GB,,76,23700469,FALSE,,,,Food;Lifestyle_(sociology);Entertainment
UCFapKry6_fNCXL7dgphJvvA,Leo Franco,@leofranco1,15100,lifestyle,FALSE,FALSE,mostPopular,,,77,32268782,FALSE,,,,Lifestyle_(sociology);Vehicle
UCBY8ppZAuj7VONaU-QeFeeA,Past Cover,@thepastcover,15100,lifestyle,FALSE,FALSE,mostPopular,,en,115,42952050,FALSE,,,,Hobby;Lifestyle_(sociology);Knowledge
UCI43H2RJinuXjQRleFHvD7Q,ESENSI WANITA,@esensi.wanita,15000,lifestyle,FALSE,FALSE,mostPopular,PK,,17,45010987,FALSE,,,,Knowledge;Entertainment;Lifestyle_(sociology)
UCNCeaZzLIg_oAqeozLGb8dQ,USA Family Moments,@usafamiymoments,13900,lifestyle,FALSE,FALSE,mostPopular,US,,32,20231209,FALSE,,,,Entertainment;Lifestyle_(sociology)
UCL89zyQad2RLSy1voHf0T5A,Robbie McMenomey,@robbiemcmenomey,13700,lifestyle,FALSE,FALSE,mostPopular,US,,53,795030,FALSE,,,,Lifestyle_(sociology)
UC-fpymFqJDVsM7oBKdCMSmQ,Th3g0ld3nt0uch,@clivethealchemist,13600,lifestyle,FALSE,FALSE,mostPopular,,,350,16526416,FALSE,,,,Lifestyle_(sociology)
UC6XqBqo7aA4FL9Pc6sneuzQ,TheKyleTSmith,@thekyletsmith,13200,lifestyle,FALSE,FALSE,mostPopular,,,141,15697206,FALSE,,,,Vehicle;Lifestyle_(sociology)
UCr2GpMC4cLHDlus5QqCJ67w,Theme Park Culture,@themeparkculturemedia,12500,lifestyle,FALSE,FALSE,mostPopular,US,,87,33531326,FALSE,,,,Entertainment;Lifestyle_(sociology);Tourism
UCozKbHOpZh_8_JYdAGaQO_w,CaughtScope,@caughtscope,12200,lifestyle,FALSE,FALSE,mostPopular,,,37,34305912,FALSE,,,,Entertainment
UCkktqkrDxWyec8tZohyPaow,Outback Caravan Guide,@outbackcaravanguide,12100,lifestyle,FALSE,FALSE,mostPopular,US,,110,39684605,FALSE,,,,Entertainment;Lifestyle_(sociology)
UCrecqFIsC8D8X_cMOdN3PIQ,hkjk,@hkjk-f7s,12000,lifestyle,FALSE,FALSE,mostPopular,US,,21,37079630,FALSE,,,,Entertainment
UCKKyP8YTeV-STcCj2v6uzwQ,Austin and Freinds,@austinsprinzandfriends,11800,lifestyle,FALSE,FALSE,mostPopular,US,,2607,81302054,FALSE,,,,Entertainment;Lifestyle_(sociology)
UCJTztcml-FqTjhMClohE_9g,Wholesomize,@wholesomize,11600,lifestyle,FALSE,FALSE,mostPopular,,,31,88232481,FALSE,,,,Lifestyle_(sociology);Vehicle
UCkgqIL8ZBCaqwKD_frWCrpQ,Vocalia - Recordable Message Bottle,@myvocalia,11100,lifestyle,FALSE,FALSE,mostPopular,,,3,36482,FALSE,,,,Lifestyle_(sociology)
UC1VLQPn9cYSqx8plbk9RxxQ,The Action Lab,@theactionlab,5170000,science_education,FALSE,FALSE,seed,US,,1017,1270615889,FALSE,,,,Knowledge;Lifestyle_(sociology)
UCj1VqrHhDte54oLgPG4xpuQ,Stuff Made Here,@stuffmadehere,4760000,science_education,FALSE,FALSE,seed,US,,41,351270188,FALSE,,,,Hobby;Lifestyle_(sociology);Technology
UCbsfyGlrjrKQC0gbzK0-EiA,Jared Owen,@jaredowen,4440000,science_education,FALSE,FALSE,seed,US,,121,537808409,FALSE,,,,Entertainment;Film;Knowledge;Lifestyle_(sociology)
UC6n8I1UDTKP1IWjQMg6_TwA,The B1M,@theb1m,4080000,science_education,FALSE,FALSE,seed,GB,,933,950407157,FALSE,,,,Technology;Society;Lifestyle_(sociology)
UCEIwxahdLz7bap-VDs9h35A,Steve Mould,@stevemould,3620000,science_education,FALSE,FALSE,seed,GB,,391,1108447746,FALSE,,,,Knowledge;Lifestyle_(sociology)
UC1D3yD4wlPMico0dss264XA,NileBlue,@nileblue,3600000,science_education,FALSE,FALSE,seed,CA,,114,596164878,FALSE,,,,Food;Lifestyle_(sociology);Hobby
UCeiYXex_fwgYDonaTcSIk6w,MinuteEarth,@minuteearth,3330000,science_education,FALSE,FALSE,seed,,,517,648430344,FALSE,,,,Entertainment;Knowledge;Film
UCzR-rom72PHN9Zg7RML9EbA,PBS Eons,@eons,3220000,science_education,FALSE,FALSE,seed,US,,536,782884868,FALSE,,,,Lifestyle_(sociology);Knowledge
UCvPXiKxH-eH9xq-80vpgmKQ,Epic History,@epichistorytv,3180000,science_education,FALSE,FALSE,seed,GB,,376,440019677,FALSE,,,,Society;Knowledge
UCfMJ2MchTSW2kWaT0kK94Yw,William Osman,@williamosman,3010000,science_education,FALSE,FALSE,seed,US,,169,475229011,FALSE,,,,Hobby;Lifestyle_(sociology)
UCuCkxoKLYO_EQ2GeFtbM_bw,Half as Interesting,@halfasinteresting,2940000,science_education,FALSE,FALSE,seed,,,581,813838917,FALSE,,,,Society
UCZ4AMrDcNrfy3X6nsU8-rPg,Economics Explained,@economicsexplained,2890000,science_education,FALSE,FALSE,seed,US,,450,379380175,FALSE,,,,Knowledge;Society;Politics
UCdp4_l1vPmpN-gDbUwhaRUQ,Branch Education,@brancheducation,2760000,science_education,FALSE,FALSE,seed,US,,67,122005974,FALSE,,,,Lifestyle_(sociology);Technology;Knowledge
UCUeZBocfxALSUdOgNJB5ySA,Dr Ben Miles,@drbenmiles,2600000,science_education,FALSE,FALSE,seed,GB,,422,1021687260,FALSE,,,,Lifestyle_(sociology);Health;Knowledge
UCodbH5mUeF-m_BsNueRDjcw,Overly Sarcastic Productions,@overlysarcasticproductions,2570000,science_education,FALSE,FALSE,seed,US,,950,882400424,FALSE,,,,Action-adventure_game;Role-playing_video_game;Entertainment;Video_game_culture;Action_game
UCeUJFQ0D9qs6aVNyUt9fkeQ,The Armchair Historian,@thearmchairhistorian,2540000,science_education,FALSE,FALSE,seed,US,,335,429678318,FALSE,,,,Knowledge;Strategy_video_game;Military;Society
UCFtc3XdXgLFwhlDajMGK69w,NightHawkInLight,@nighthawkinlight,2500000,science_education,FALSE,FALSE,seed,,,413,418203229,FALSE,,,,Hobby;Lifestyle_(sociology)
UClfEht64_NrzHf8Y0slKEjw,AlternateHistoryHub,@alternatehistoryhub,2490000,science_education,FALSE,FALSE,seed,US,,287,441432057,FALSE,,,,Knowledge;Society
UCfCKvREB11-fxyotS1ONgww,Mark Felton Productions,@markfeltonproductions,2430000,science_education,FALSE,FALSE,seed,GB,en,1005,1040683335,FALSE,,,,Entertainment;Knowledge;Society;Military
UCVS89U86PwqzNkK2qYNbk5A,Allen Pan,@allenpan,2340000,science_education,FALSE,FALSE,seed,US,,125,344645074,FALSE,,,,Hobby;Lifestyle_(sociology)
UCwg6_F2hDHYrqbNSGjmar4w,Animalogic,@animalogic,2150000,science_education,FALSE,FALSE,seed,CA,,1014,465913039,FALSE,,,,Lifestyle_(sociology);Knowledge
UC7o-UFkoAPCoKxpKOfrs4zQ,UsefulCharts,@usefulcharts,2090000,science_education,FALSE,FALSE,seed,CA,,301,248078787,FALSE,,,,Society;Knowledge;Religion
UC176GAQozKKjhz62H8u9vQQ,Real Science,@realscience,2090000,science_education,FALSE,FALSE,seed,US,,172,277701059,FALSE,,,,Lifestyle_(sociology);Knowledge
UCnZeeKO8qVdtkrA4-uKhtTw,Animagraffs,@animagraffs,1930000,science_education,FALSE,FALSE,seed,US,,48,181932824,FALSE,7,1,0,Entertainment;Lifestyle_(sociology);Knowledge;Film;Technology
UC22BdTgxefuvUivrjesETjg,History Matters,@historymatters,1920000,science_education,FALSE,FALSE,seed,GB,,396,803881003,FALSE,45,1,0,Entertainment;Film;Knowledge;Society
UCE1jXbVAGJQEORz9nZqb5bQ,Ahoy,@xboxahoy,1860000,science_education,FALSE,FALSE,seed,GB,,308,266332198,FALSE,8,1,0,Role-playing_video_game;Action_game;Video_game_culture;Action-adventure_game;Strategy_video_game
UCnkp4xDOwqqJD7sSM3xdUiQ,Adam Neely,@adamneely,1830000,science_education,FALSE,FALSE,seed,US,,530,260547901,FALSE,8,1,0,Music;Jazz
UCciQ8wFcVoIIMi-lfu8-cjQ,Anton Petrov,@whatdamath,1690000,science_education,FALSE,FALSE,seed,CA,,4521,581786323,FALSE,50,1,0,Knowledge
UCxqAWLTk1CmBvZFPzeZMd9A,Domain of Science,@domainofscience,1670000,science_education,FALSE,FALSE,seed,GB,,75,73296929,FALSE,5,1,0,Knowledge
UCPcABVoFfCK5gDfX0PY1KGg,Drew Durnil,@drewdurnil,1560000,science_education,FALSE,FALSE,seed,US,,5885,1162428423,FALSE,19,1,0,Society;Politics
UCNhX3WQEkraW3VHPyup8jkQ,Langfocus,@langfocus,1530000,science_education,FALSE,FALSE,seed,JP,,493,205198265,FALSE,1,1,0,Lifestyle_(sociology);Knowledge
UCSUu1lih2RifWkKtDOJdsBA,NASASpaceflight,@nasaspaceflight,1520000,science_education,FALSE,FALSE,seed,US,,5316,785586475,FALSE,41,1,0,Knowledge;Society
UCErSSa3CaP_GJxmFpdjG9Jw,Lessons from the Screenplay,@lessonsfromthescreenplay,1510000,science_education,FALSE,FALSE,seed,US,,68,67046309,FALSE,0,,0,Entertainment;Film;Lifestyle_(sociology)
UC_SvYP0k05UKiJ_2ndB02IA,blackpenredpen,@blackpenredpen,1440000,science_education,FALSE,FALSE,seed,US,,2465,239256974,FALSE,50,1,0,Knowledge
UCshObcm-nLhbu8MY50EZ5Ng,Benn Jordan,@bennjordan,1380000,science_education,FALSE,FALSE,seed,US,,275,97480811,FALSE,18,1,0,Music;Electronic_music;Lifestyle_(sociology);Technology
UC52kszkc08-acFOuogFl5jw,Tibees,@tibees,1340000,science_education,FALSE,FALSE,seed,AU,,394,200123040,FALSE,14,1,0,Knowledge;Lifestyle_(sociology)
UCZFipeZtQM5CKUjx6grh54g,Isaac Arthur,@isaacarthursfia,1170000,science_education,FALSE,FALSE,seed,US,,1011,174686340,FALSE,39,1,0,Knowledge
UCSl5Uxu2LyaoAoMMGp6oTJA,Atomic Shrimp,@atomicshrimp,1110000,science_education,FALSE,FALSE,seed,GB,,1514,222406052,FALSE,48,1,0,Hobby;Lifestyle_(sociology);Food
UCv_vLHiWVBh_FR9vbeuiY-A,Historia Civilis,@historiacivilis,1090000,science_education,FALSE,FALSE,seed,CA,,89,160716777,FALSE,2,1,0,Knowledge
UCMk_WSPy3EE16aK5HLzCJzw,NativLang,@nativlang,1070000,science_education,FALSE,FALSE,seed,US,,223,113888468,FALSE,17,1,0,Lifestyle_(sociology);Knowledge
UCpxYSWgxVt3Pyn1ovXsGQ0g,PBS Terra,@pbsterra,1040000,science_education,FALSE,FALSE,seed,US,,530,243368863,FALSE,22,1,0,Lifestyle_(sociology);Knowledge;Society
UC1_uAIS3r8Vu6JjXWvastJg,Mathologer,@mathologer,968000,science_education,FALSE,FALSE,seed,AU,,113,76080040,FALSE,6,1,0,Knowledge
UC1LpsuAUaKoMzzJSEt5WImw,Asianometry,@asianometry,965000,science_education,FALSE,FALSE,seed,US,,725,154957012,FALSE,49,1,0,Lifestyle_(sociology);Society;Technology;Knowledge
UC8XjmAEDVZSCQjI150cb4QA,Knowing Better,@knowingbetter,950000,science_education,FALSE,FALSE,seed,US,,113,99613662,FALSE,1,1,1,Knowledge;Society
UCivA7_KLKWo43tFcCkFvydw,Applied Science,@appliedscience,890000,science_education,FALSE,FALSE,seed,US,,278,87287065,FALSE,11,1,0,Knowledge;Hobby;Lifestyle_(sociology);Technology
UCSIvk78tK2TiviLQn4fSHaw,Up and Atom,@upandatom,859000,science_education,FALSE,FALSE,seed,US,,123,91027961,FALSE,9,1,0,Knowledge
UCx-dJoP9hFCBloY9qodykvw,BazBattles,@bazbattles,725000,science_education,FALSE,FALSE,seed,,,90,98149525,FALSE,6,1,0,Video_game_culture;Knowledge;Strategy_video_game;Role-playing_video_game
UC06HVrkOL33D5lLnCPjr6NQ,Breaking Taps,@breakingtaps,580000,science_education,FALSE,FALSE,seed,US,,101,148766227,FALSE,7,1,0,Knowledge;Technology;Lifestyle_(sociology);Hobby
UCgRBRE1DUP2w7HTH9j_L4OQ,Medlife Crisis,@medlifecrisis,580000,science_education,FALSE,FALSE,seed,GB,,179,52258657,FALSE,18,1,0,Lifestyle_(sociology);Health;Society;Knowledge
UC0_CTubjGeDth7X0bxUTBTA,Atun-Shei Films,@atunsheifilms,559000,science_education,FALSE,FALSE,seed,US,,260,98451743,FALSE,21,1,0,Film;Entertainment;Society
UCV6uM3y-8TeO7JlCtcEN-Bg,ScienceClic,@scienceclic,519000,science_education,FALSE,FALSE,seed,FR,fr,89,31637332,FALSE,7,0,0,Knowledge
UClRwC5Vc8HrB6vGx6Ti-lhA,Technology Connextras,@technologyconnextras,502000,science_education,FALSE,FALSE,seed,US,,81,25749428,FALSE,15,1,0,Technology;Lifestyle_(sociology)
UCogrSQkBJn1KF0N9I4oM7eQ,Fraser Cain,@frasercain,495000,science_education,FALSE,FALSE,seed,CA,,2066,105344446,FALSE,49,1,0,Society;Knowledge
UCl_dlV_7ofr4qeP1drJQ-qg,Tantacrul,@tantacrul,465000,science_education,FALSE,FALSE,seed,GB,,41,32855182,FALSE,2,1,0,Lifestyle_(sociology);Music;Classical_music;Technology
UC6jM0RFkr4eSkzT5Gx0HOAw,Michael Penn,@michaelpennmath,355000,science_education,FALSE,FALSE,seed,US,,3035,83229564,FALSE,13,1,0,Knowledge
UCbCq5Y0WPGimG2jNXhoQxGw,Atomic Frontier,@atomicfrontier,351000,science_education,FALSE,FALSE,seed,AU,,58,24766257,FALSE,5,1,0,Technology;Knowledge;Lifestyle_(sociology)
UCK8XIGR5kRidIw2fWqwyHRA,Reducible,@reducible,337000,science_education,FALSE,FALSE,seed,US,,23,12926884,FALSE,0,,0,Lifestyle_(sociology);Knowledge;Technology
UC9lztld5qPi-6WZ9_QIVR6g,Parth G,@parthgchannel,259000,science_education,FALSE,FALSE,seed,,,179,13173145,FALSE,3,1,0,Knowledge
UCHEnZhUKjZSLYs3jJ0raKZA,Another Roof,@anotherroof,79000,science_education,FALSE,FALSE,seed,GB,,54,5596662,FALSE,,,,Knowledge
UCuE330Te9fCVJB8FuMvM4CQ,Science Time,@sciencetime,16500,science_education,FALSE,FALSE,seed,US,es,15,1933543,FALSE,,,,Knowledge
UC_dvqFmaVUj16kRKSLYBaSw,Hank Green,@hankgreen,5880,science_education,FALSE,FALSE,seed,US,,4,75244,FALSE,,,,Lifestyle_(sociology);Pet
UCnL6-z9Ap37HXNu-mrkqPCw,cortes jabz,@cortesjabz,626,science_education,FALSE,FALSE,seed,BR,,37,37088,FALSE,,,,Action_game;Video_game_culture;Action-adventure_game
UC0e5BDJIdMUI4AQyr1WRSMQ,MapMen,@mapmen,9,science_education,FALSE,FALSE,seed,,,0,0,FALSE,,,,""
UCpYsD7iSK3V98dgOVXySACA,U E,@unlearningeconomics,5,science_education,FALSE,FALSE,seed,,,0,0,FALSE,,,,""
UC5xjDrmnS9CAOxSdRtSkVig,atlaspro,@atlaspro,5,science_education,FALSE,FALSE,seed,,,5,1145,FALSE,,,,Lifestyle_(sociology)
UCK3nskG1zqB_MUhzIgOyeYA,gabin,@casualgeographic,5,science_education,FALSE,FALSE,seed,,,0,0,FALSE,,,,""
UCfAz00PExVrPfapl_W-MYOQ,megaprojects,@megaprojects,3,science_education,FALSE,FALSE,seed,,,0,0,FALSE,,,,""
UCDprHm6lgtPo9hrEmocZwwg,Alphaphoenix,@alphaphoenix,2,science_education,FALSE,FALSE,seed,,,4,211,FALSE,,,,Music
UC5gxP-2QqIh_09djvlm9Xcg,Alan's Universe,@alanchikinchow,102000000,tech,FALSE,FALSE,mostPopular,US,,1802,64471122215,FALSE,,,,Performing_arts;Entertainment
UC-CSyyi47VX1lD9zyeABW3w,Dhruv Rathee,@dhruvrathee,33000000,tech,FALSE,FALSE,mostPopular,DE,,795,6252436710,FALSE,,,,Society;Knowledge
UCvz84_Q0BbvZThy75mbd-Dg,Zack D. Films,@zackdfilms,28700000,tech,FALSE,FALSE,mostPopular,,,4021,77800852541,FALSE,,,,Lifestyle_(sociology);Entertainment
UC4RgIJ9XSNILvW2i4YouY9Q,TadeVlogs,@tade,26800000,tech,FALSE,FALSE,mostPopular,ES,,3151,9871904768,FALSE,,,,Entertainment;Lifestyle_(sociology);Film
UClQ3NafOy_42dJ0toK3QUKw,Stay Wild,@staywild-,25600000,tech,FALSE,FALSE,mostPopular,US,,549,8928898581,FALSE,,,,Entertainment;Lifestyle_(sociology)
UCMiJRAwDNSNzuYeN2uWa0pA,Mrwhosetheboss,@mrwhosetheboss,23000000,tech,FALSE,FALSE,mostPopular,GB,,1938,9198353800,FALSE,,,,Technology;Lifestyle_(sociology)
UCBJycsmduvYEL83R_U4JriQ,Marques Brownlee,@mkbhd,21300000,tech,FALSE,FALSE,mostPopular,US,,1856,5733013021,FALSE,,,,Lifestyle_(sociology);Technology
UCq6VFHwMzcMXbuKyG7SQYIg,penguinz0,@penguinz0,18300000,tech,FALSE,FALSE,mostPopular,,,7352,14058514508,FALSE,,,,Lifestyle_(sociology)
UC-2Y8dQb0S6DtpxNgAKoJKA,PlayStation,@playstation,17300000,tech,FALSE,FALSE,mostPopular,US,,28337,6425484947,FALSE,,,,Action-adventure_game;Video_game_culture;Action_game;Role-playing_video_game
UCXuqSBlHAE6Xw-yeJA0Tunw,Linus Tech Tips,@linustechtips,16900000,tech,FALSE,FALSE,mostPopular,CA,,7942,9877480269,FALSE,,,,Technology;Lifestyle_(sociology)
UCP0_k4INXrwPS6HhIyYqsTg,Steven He,@stevenhe,14300000,tech,FALSE,FALSE,mostPopular,US,,1052,5125169713,FALSE,,,,Entertainment
UC1dI4tO13ApuSX0QeX8pHng,GadgetIn,@gadgetin,14200000,tech,FALSE,FALSE,mostPopular,ID,,1716,3813951321,FALSE,,,,Technology;Lifestyle_(sociology)
UCt7sv-NKh44rHAEb-qCCxvA,Wylsacom,@wylsacom,11500000,tech,FALSE,FALSE,mostPopular,RU,,4563,3829349225,FALSE,,,,Lifestyle_(sociology);Technology
UCWwgaK7x0_FR1goeSRazfsQ,Samsung,@samsung,10200000,tech,FALSE,FALSE,mostPopular,KR,,2484,2166432098,FALSE,,,,Technology;Lifestyle_(sociology)
UCWFKCr40YwOZQx8FHU_ZqqQ,JerryRigEverything,@jerryrigeverything,10100000,tech,FALSE,FALSE,mostPopular,US,,1608,3096223299,FALSE,,,,Technology;Lifestyle_(sociology)
UCe8D5lo_zrqS8xtsNspeCgg,MONEY TALKS WIRELESS,@moneytalkswireless,8330000,tech,FALSE,FALSE,mostPopular,US,,2741,5048882328,FALSE,,,,Lifestyle_(sociology);Technology
UCE7spuKzxP1k8A-XucxxUAQ,John Casterline,@h1t1,8320000,tech,FALSE,FALSE,mostPopular,US,,2716,12106735682,FALSE,,,,Entertainment;Lifestyle_(sociology)
UCPk2s5c4R_d-EUUNvFFODoA,Gohar Khan,@goharsguide,7940000,tech,FALSE,FALSE,mostPopular,,,809,5856474043,FALSE,,,,Technology;Lifestyle_(sociology);Knowledge
UC7rsYYvQbqQrJDGhqWmtAgQ,Kyle Krueger,@kylekrueger,7740000,tech,FALSE,FALSE,mostPopular,US,,889,6295219455,FALSE,,,,Technology;Lifestyle_(sociology)
UCugeH-Bmo9a5-Jnbt9X-3bA,Unchained,@unchained,6360000,tech,FALSE,FALSE,mostPopular,FR,,1054,3222079638,FALSE,,,,Entertainment;Lifestyle_(sociology)
UCCOrp7GPgZA8EGrbOcIAsyQ,Phone Repair Guru,@phonerepairguru,6180000,tech,FALSE,FALSE,mostPopular,CA,,1747,6087799904,FALSE,,,,Lifestyle_(sociology);Technology
UCXGgrKt94gR6lmN4aN3mYTg,Austin Evans,@austinevans,5850000,tech,FALSE,FALSE,mostPopular,US,,2807,1757278330,FALSE,,,,Video_game_culture;Technology;Lifestyle_(sociology)
UC4QZ_LsYcvcq7qOsOhpAX4A,ColdFusion,@coldfusion,5250000,tech,FALSE,FALSE,mostPopular,AU,,586,576631274,FALSE,,,,Technology;Society;Lifestyle_(sociology);Knowledge
UCUQo7nzH1sXVpzL92VesANw,DIY Perks,@diyperks,4950000,tech,FALSE,FALSE,mostPopular,,,123,415621312,FALSE,,,,Technology;Lifestyle_(sociology);Hobby
UCm9K6rby98W8JigLoZOh6FQ,LockPickingLawyer,@lockpickinglawyer,4680000,tech,FALSE,FALSE,mostPopular,US,,1662,1250564652,FALSE,,,,Technology;Lifestyle_(sociology)
UCkWQ0gDrqOCarmUKmppD7GQ,JayzTwoCents,@jayztwocents,4340000,tech,FALSE,FALSE,mostPopular,US,,2759,1314476593,FALSE,,,,Technology;Lifestyle_(sociology)
UCsBjURrPoezykLs9EqgamOA,Fireship,@fireship,4290000,tech,FALSE,FALSE,mostPopular,US,,849,765708777,FALSE,,,,Knowledge;Technology;Lifestyle_(sociology)
UCnorhjQR4zJkT7AVNhu395Q,Home RenoVision DIY,@homerenovisiondiy,4290000,tech,FALSE,FALSE,mostPopular,US,,1207,1057235240,FALSE,,,,Hobby;Lifestyle_(sociology)
UChIZGfcnjHI0DG4nweWEduw,TechSource,@techsource,4190000,tech,FALSE,FALSE,mostPopular,US,,2016,917622096,FALSE,,,,Lifestyle_(sociology);Technology;Video_game_culture
UCOmcA3f_RrH6b9NmcNa4tdg,CNET,@cnet,4090000,tech,FALSE,FALSE,mostPopular,US,,24626,2122945333,FALSE,,,,Technology;Lifestyle_(sociology)
UCi7wDE2ZTiR5QYYrUY5WhtA,CarterPCs,@actuallycarterpcs,3640000,tech,FALSE,FALSE,mostPopular,US,,4806,9153025057,FALSE,,,,Lifestyle_(sociology);Technology;Entertainment
UC9fSZHEh6XsRpX-xJc6lT3A,UrAvgConsumer,@uravgconsumer,3450000,tech,FALSE,FALSE,mostPopular,US,,1528,612765543,FALSE,,,,Lifestyle_(sociology);Technology
UC7vVhkEfw4nOGp8TyDk7RcQ,Boston Dynamics,@bostondynamics,3430000,tech,FALSE,FALSE,mostPopular,,,199,887031376,FALSE,,,,Lifestyle_(sociology);Technology;Knowledge
UCmb0LnmFYceH7toqgmUTJDA,Vandal,@vandal,3420000,tech,FALSE,FALSE,mostPopular,ES,,6507,2762299920,FALSE,,,,Role-playing_video_game;Action-adventure_game;Video_game_culture;Action_game
UCIALMKvObZNtJ6AmdCLP7Lg,Bloomberg Television,@markets,3300000,tech,FALSE,FALSE,mostPopular,US,,98369,1510359289,FALSE,,,,Knowledge;Television_program;Society;Politics
UCy0tKL1T7wFoYcxCe0xjN6Q,Technology Connections,@technologyconnections,3220000,tech,FALSE,FALSE,seed,US,,233,461254116,FALSE,,,,Technology;Lifestyle_(sociology)
UC6xukNiILsejJpNKxNb6HsA,Dylan Ayres,@dylanayres,3210000,tech,FALSE,FALSE,mostPopular,US,,795,3431761755,FALSE,,,,Lifestyle_(sociology);Hobby
UCQSpnDG3YsFNf5-qHocF-WQ,ThioJoe,@thiojoe,3140000,tech,FALSE,FALSE,mostPopular,US,,1080,304889627,FALSE,,,,Technology;Lifestyle_(sociology)
UCP7WmQ_U4GB3K51Od9QvM0w,David Bombal,@davidbombal,3110000,tech,FALSE,FALSE,seed,GB,,2254,406697961,FALSE,,,,Technology;Lifestyle_(sociology)
UCbmOgzvvDg60mXGm9t9Ad5Q,Omar Agamy,@omaragamyy,3100000,tech,FALSE,FALSE,mostPopular,CA,,3419,4787591049,FALSE,,,,Society;Politics
UCaqyqj0bX7sDoT_li0Z7X_Q,Nathan Hugo,@nathanhugo7,3020000,tech,FALSE,FALSE,mostPopular,FR,,2708,3327491031,FALSE,,,,Lifestyle_(sociology)
UC5QESDRf1F0v1Ig8KHpCVCQ,Peakzmotivation,@peakzmotivation,2940000,tech,FALSE,FALSE,mostPopular,DE,,608,6057746761,FALSE,,,,Lifestyle_(sociology);Entertainment
UCwffSP9kO8pMZVr1Ugqvbzw,HTX Studio,@htxstudio,2930000,tech,FALSE,FALSE,mostPopular,US,,68,479886750,FALSE,,,,Technology;Lifestyle_(sociology);Hobby
UCDDZOBAdDlPbUA4z42r_wvw,i11ushenka,@i11ush,2880000,tech,FALSE,FALSE,mostPopular,,,1013,11046185186,FALSE,,,,Entertainment;Society
UCGAmpBtWveYp0-3v9npnhvQ,Chilling Scares,@chillingscares,2870000,tech,FALSE,FALSE,mostPopular,US,,190,620740476,FALSE,,,,Film;Society;Entertainment
UCPRWWKG0VkBA0Pqa4Jr5j0Q,Joeman,@joeman,2860000,tech,FALSE,FALSE,mostPopular,TW,,3641,1463130229,FALSE,,,,Technology;Lifestyle_(sociology)
UCdUcjkyZtf-1WJyPPiETF1g,ITSub잇섭,@itsub,2840000,tech,FALSE,FALSE,mostPopular,KR,,1606,1513164875,FALSE,,,,Lifestyle_(sociology);Technology
UCClfFsWcT3N2I7VTXXyt84A,Salem Techsperts,@salemtechsperts,2810000,tech,FALSE,FALSE,mostPopular,US,,640,1454592592,FALSE,,,,Lifestyle_(sociology);Technology;Video_game_culture
UChIs72whgZI9w6d6FhwGGHA,Gamers Nexus,@gamersnexus,2720000,tech,FALSE,FALSE,seed,US,,3318,868451326,FALSE,,,,Technology;Lifestyle_(sociology)
UC9-y-6csu5WGm29I7JiwpnA,Computerphile,@computerphile,2640000,tech,FALSE,FALSE,seed,,,923,241667209,FALSE,,,,Lifestyle_(sociology);Knowledge;Technology
UCdBK94H6oZT2Q7l0-b0xmMg,ShortCircuit,@shortcircuit,2550000,tech,FALSE,FALSE,seed,CA,,1351,821112028,FALSE,,,,Lifestyle_(sociology);Technology;Video_game_culture
UC9MQp8a5uhaIosZPHaoqEXQ,CallMeShazzam TECH,@callmeshazzamtech,2550000,tech,FALSE,FALSE,mostPopular,IN,ml,2064,1369808316,FALSE,,,,Lifestyle_(sociology);Technology
UCdpzycL3debiQYjTAp4pSag,Freduart,@freduart,2530000,tech,FALSE,FALSE,mostPopular,ES,,2879,1325531076,FALSE,,,,Lifestyle_(sociology)
UCZeKXaDbtL2GbfoB8hldseQ,EmSwizzle,@emswizzle,2510000,tech,FALSE,FALSE,mostPopular,US,,2347,5014902400,FALSE,,,,Lifestyle_(sociology);Video_game_culture;Technology
UCRFSF9WS_g0wqm32kjJ-jNw,jacobweeby,@jacobweeby,2330000,tech,FALSE,FALSE,mostPopular,,,1090,2614094586,FALSE,,,,Action_game;Video_game_culture;Action-adventure_game
UC5T7D-Dh1eDGtsAFCuwv_Sw,7NEWS Australia,@7news,2260000,tech,FALSE,FALSE,mostPopular,US,hi,48809,1621149145,FALSE,,,,Society
UCiQMYozSSTkJ2twtZM1bG9w,zollotech,@zollotech,2200000,tech,FALSE,FALSE,mostPopular,US,,4689,698138826,FALSE,,,,Lifestyle_(sociology);Technology
UCPvRdfUooqCf0zPOYvbBzVA,mryeester,@mryeester,2180000,tech,FALSE,FALSE,mostPopular,US,,1220,3122391511,FALSE,,,,Video_game_culture;Technology;Lifestyle_(sociology)
UCVeW9qkBjo3zosnqUbG7CFw,John Hammond,@_johnhammond,2170000,tech,FALSE,FALSE,seed,US,,1897,92717688,FALSE,,,,Technology;Lifestyle_(sociology)
UC6mIxFTvXkWQVEHPsEdflzQ,GreatScott!,@greatscottlab,2170000,tech,FALSE,FALSE,seed,DE,,586,371986279,FALSE,,,,Lifestyle_(sociology);Technology
UChnN9MPURwKV2PbEoT2vhTQ,randomfrankp,@randomfrankp,2160000,tech,FALSE,FALSE,mostPopular,US,,1306,509297115,FALSE,,,,Lifestyle_(sociology);Technology;Video_game_culture
UCFfCqe7b9YiDk2ZiAG8UIGA,Flossy Carter,@flossycarter,2140000,tech,FALSE,FALSE,mostPopular,US,,3183,457096383,FALSE,,,,Technology;Lifestyle_(sociology)
UCXZCJLdBC09xxGZ6gcdrc6A,OpenAI,@openai,2080000,tech,FALSE,FALSE,mostPopular,US,,822,275098757,FALSE,,,,Technology;Knowledge;Lifestyle_(sociology)
UCWdCOEFAsnzUJQgQOw3vu5Q,GuideRealm,@guiderealmvideos,2080000,tech,FALSE,FALSE,mostPopular,GB,,18604,814303353,FALSE,,,,Lifestyle_(sociology);Technology
UCBS1NUWY7oC6FFHaXQy4zAA,Zach's Tech Turf,@zachstechturf,2050000,tech,FALSE,FALSE,mostPopular,US,,4389,3370226351,FALSE,,,,Lifestyle_(sociology);Technology;Video_game_culture
UCs95gwav7frv5HTVqAGa7uQ,Tyrone Magnus,@tyronemagnus,2050000,tech,FALSE,FALSE,mostPopular,US,en,15527,783781669,FALSE,,,,Action_game;Video_game_culture;Action-adventure_game;Role-playing_video_game;Entertainment
UCxB7jMnHekMzHsOl9iZpXrA,Danny Rayes,@dannyrayes,2030000,tech,FALSE,FALSE,mostPopular,US,,3374,6742536596,FALSE,,,,Entertainment
UCkyP7dYSeraOrv79reorniA,1980sGamer,@1980sgamer1,1960000,tech,FALSE,FALSE,mostPopular,US,,3399,2936199550,FALSE,7,1,0,Video_game_culture
UCT0vMR2SGHIsB0Uscj2DOXQ,Yahya Alhihi,@yahyaalhihi,1910000,tech,FALSE,FALSE,mostPopular,AE,,509,2427442667,FALSE,2,1,0,Film;Entertainment
UCbfYPyITQ-7l4upoX8nvctg,Two Minute Papers,@twominutepapers,1840000,tech,FALSE,FALSE,seed,HU,,1099,171618225,FALSE,45,1,0,Technology;Society;Lifestyle_(sociology);Knowledge
UCfOrKQtC1tDfGf_fFVb8pYw,TronicsFix,@tronicsfix,1790000,tech,FALSE,TRUE,mostPopular,US,,799,515325667,FALSE,49,1,0.204081632653061,Video_game_culture;Technology;Lifestyle_(sociology)
UCFbNIlppjAuEX4znoulh0Cw,Web Dev Simplified,@webdevsimplified,1780000,tech,FALSE,FALSE,seed,US,,872,178703673,FALSE,33,1,0,Lifestyle_(sociology);Technology;Knowledge
UCiKNvzMjBFowg5Sj6pevymA,META PCs,@metapcs,1750000,tech,FALSE,FALSE,mostPopular,US,,1966,2462413094,FALSE,14,1,0,Technology;Video_game_culture;Lifestyle_(sociology)
UCXUPKJO5MZQN11PqgIvyuvQ,Andrej Karpathy,@andrejkarpathy,1710000,tech,FALSE,FALSE,seed,US,,17,34874907,FALSE,,,,Lifestyle_(sociology);Knowledge;Technology
UChYU73igK5wQhWAXPh3X8PA,PhoneBuff,@phonebuff,1690000,tech,FALSE,TRUE,mostPopular,US,,859,458073585,FALSE,32,1,0.8125,Lifestyle_(sociology);Technology
UC-IpLNHsSnQzVQkwOUP3ZXA,Austin Boller,@austinboller,1670000,tech,FALSE,FALSE,mostPopular,,,1234,649414408,FALSE,0,,0,Hobby;Lifestyle_(sociology);Entertainment
UCzfVmyl18x2TTaWp0d5rBNQ,MiniminterClips,@miniminterclips,1620000,tech,FALSE,FALSE,mostPopular,GB,,2820,859181684,FALSE,46,1,0,Video_game_culture;Sports_game
UCDXv3XxJ2RsaYqbGgX135Wg,Aaron Rheins,@aaronrheins.,1510000,tech,FALSE,FALSE,mostPopular,,,2974,2381568153,FALSE,2,1,0,Lifestyle_(sociology);Video_game_culture;Society;Vehicle
UCKliBY0uJBj1ZEEzj5flxdQ,tokparty,@tokparty,1510000,tech,FALSE,FALSE,mostPopular,US,,544,2837200338,FALSE,0,,0,Entertainment;Humour
UC4Z8mPYjn6Dhr6n531YDh0Q,UFD Tech,@ufdtech,1500000,tech,FALSE,FALSE,mostPopular,US,,9118,3278566341,FALSE,4,1,0.25,Technology;Video_game_culture;Lifestyle_(sociology)
UC8uT9cgJorJPWu7ITLGo9Ww,The 8-Bit Guy,@the8bitguy,1470000,tech,FALSE,FALSE,seed,US,,343,293636937,FALSE,18,1,0,Video_game_culture;Lifestyle_(sociology);Technology
UC51UPs8iqgC6ugVROBcUQEQ,Matty McTech,@setupspawn,1470000,tech,FALSE,FALSE,mostPopular,US,,436,661278789,FALSE,5,1,0,Lifestyle_(sociology);Technology
UCdzWUj73tVt8kzQi8KSrLYg,Vaseline Noodles,@vaselinenoodles,1420000,tech,FALSE,FALSE,mostPopular,US,,191,1050958348,FALSE,2,1,0,Hobby;Entertainment;Lifestyle_(sociology)
UCmtyQOKKmrMVaKuRXz02jbQ,Sebastian Lague,@sebastianlague,1400000,tech,FALSE,FALSE,seed,DK,,297,116027123,FALSE,13,1,0,Lifestyle_(sociology);Technology;Knowledge;Video_game_culture
UCS0N5baNlQWJCUrhCEo8WlA,Ben Eater,@beneater,1400000,tech,FALSE,FALSE,seed,,,134,110237969,FALSE,9,1,0,Lifestyle_(sociology);Technology;Knowledge
UCEeH57P89hPQ1Sp2TavfICA,Parker Burton,@imparkerburton,1390000,tech,FALSE,FALSE,mostPopular,US,,1673,945275328,FALSE,0,,0,Technology;Lifestyle_(sociology)
UC0oI44ZUVCqq4meNOOaKPTQ,SpawnPoiint,@spawnpoiint,1300000,tech,FALSE,FALSE,mostPopular,GB,,807,777114455,FALSE,18,1,0,Role-playing_video_game;Action-adventure_game;Video_game_culture;Action_game;Technology
UCUfP26mozkiTLZj5eBpFPeQ,Tik Cover,@tikcover,1290000,tech,FALSE,FALSE,mostPopular,US,,503,4166911798,FALSE,0,,0,Music_of_Asia;Music;Pop_music
UCHbx9IUW7eCeJsC4sBCTNBA,iFixit,@ifixityourself,1280000,tech,FALSE,FALSE,mostPopular,US,,1095,226679674,FALSE,26,1,0,Technology;Lifestyle_(sociology)
UCO2x-p9gg9TLKneXlibGR7w,Snazzy Labs,@snazzy,1270000,tech,FALSE,TRUE,mostPopular,US,,1251,274979780,FALSE,42,1,0.19047619047619,Lifestyle_(sociology);Technology
UCptwuAv0XQHo1OQUSaO6NHw,Max Tech,@maxtechofficial,1270000,tech,FALSE,TRUE,mostPopular,US,,2243,477313098,FALSE,33,1,0.333333333333333,Technology;Lifestyle_(sociology)
UCVSHXNNBitaPd5lYz48--yg,Tech Ingredients,@techingredients,1200000,tech,FALSE,FALSE,seed,US,,213,77101191,FALSE,37,1,0,Knowledge;Lifestyle_(sociology);Technology
UCI8iQa1hv7oV_Z8D35vVuSg,Hardware Unboxed,@hardwareunboxed,1170000,tech,FALSE,FALSE,seed,AU,,2426,385832383,FALSE,50,1,0,Video_game_culture;Technology;Lifestyle_(sociology)
UC6biysICWOJ-C3P4Tyeggzg,Low Level,@lowleveltv,1170000,tech,FALSE,FALSE,mostPopular,US,,396,150117909,FALSE,41,1,0,Lifestyle_(sociology);Technology
UCG7J20LhUeLl6y_Emi7OJrA,The Studio,@thestudio,1160000,tech,FALSE,FALSE,mostPopular,US,,219,222146077,FALSE,15,1,0,Lifestyle_(sociology);Technology
UCgDQKFV2rMNzTE8Y3rHMVbQ,黃大謙,@dachien,1120000,tech,FALSE,FALSE,mostPopular,TW,,284,214582544,FALSE,21,0,0,Lifestyle_(sociology)
UCta8FWxM474irDMPABq2o4Q,Digital Doctor ,@digitaldoctorrepairs,1100000,tech,FALSE,FALSE,mostPopular,,,1388,848534165,FALSE,4,1,1,Lifestyle_(sociology);Technology
UC2ojq-nuP8ceeHqiroeKhBA,Nate Herk | AI Automation,@nateherk,1050000,tech,FALSE,FALSE,mostPopular,,,535,58376147,FALSE,42,1,0,Lifestyle_(sociology);Technology;Knowledge
UCaybrunQi8xWgPMgv1AYBHw,TheiCollection,@theicollection,1020000,tech,FALSE,FALSE,mostPopular,FR,,1378,237445645,FALSE,23,0,0,Lifestyle_(sociology);Technology
UCJZv4d5rbIKd4QHMPkcABCw,Kevin Powell,@kevinpowell,1000000,tech,FALSE,FALSE,seed,CA,,1141,106475550,FALSE,23,1,0,Lifestyle_(sociology);Technology;Knowledge
UChjRM_qQAaOAiLNbOGbYcRA,9to5Mac,@9to5mac,981000,tech,FALSE,TRUE,mostPopular,US,,2415,306006247,FALSE,47,1,0.127659574468085,Technology;Lifestyle_(sociology)
UC1QLXf4C3Vpdiz7v1M_4_qA,LeVraiGabin,@levraigabin,974000,tech,FALSE,FALSE,mostPopular,FR,fr,1189,697921868,FALSE,2,0,0,Lifestyle_(sociology)
UCQkd05iAYed2-LOmhjzDG6g,LowSpecGamer,@lowspecgamer,912000,tech,FALSE,FALSE,seed,ES,en,28,7079551,FALSE,2,1,0,Technology;Video_game_culture;Lifestyle_(sociology)
UCU8_onYYhNxwGUB3hA34C4Q,FrenchHardware,@frhardware,904000,tech,FALSE,FALSE,mostPopular,FR,fr,1034,213701370,FALSE,14,0,0.0714285714285714,Video_game_culture;Technology;Lifestyle_(sociology)
UC5pbeFWTPAUdKu65kBROsBg,테드TV,@tedtv,890000,tech,FALSE,FALSE,mostPopular,KR,,4346,1097153609,FALSE,8,0,0,Video_game_culture
UC4PWgTIkkv5p2shhjiXNiGg,eFIXX,@efixx,875000,tech,FALSE,FALSE,mostPopular,GB,en-GB,2725,1056357072,FALSE,14,1,0,Technology;Lifestyle_(sociology)
UCtrgaRMSNGNTf4Q9N0Az7Ww,TheDailyProject,@thedailyproject-yt,872000,tech,FALSE,FALSE,mostPopular,,,70,66635647,FALSE,0,,0,Hobby;Lifestyle_(sociology);Fashion
UCCcrmvbQbfwSZaTgBZPrjMQ,Hawk's Podcasts / mdg650hawk,@hawkpodcasts,865000,tech,FALSE,FALSE,mostPopular,US,,17808,1662454834,FALSE,12,1,0,Politics;Society;Entertainment
UC7YOGHUfC1Tb6E4pudI9STA,Mental Outlaw,@mentaloutlaw,798000,tech,FALSE,FALSE,seed,US,,1139,175341637,FALSE,50,1,0,Lifestyle_(sociology);Technology;Society;Knowledge
UCk94O116OXhPAOWZM7S2Leg,Ремонтяш,@alphashutnik,787000,tech,FALSE,FALSE,mostPopular,RU,,266,164500896,FALSE,49,0,0,Lifestyle_(sociology);Technology;Video_game_culture
UC83iGbaOhZR8AWNYYNzSNjg,India Global Review,@indiaglobalreview,781000,tech,FALSE,FALSE,mostPopular,IN,,4543,198855844,FALSE,15,0.866666666666667,0,Politics;Society
UC_RovKmk0OCbuZjA8f08opw,Futurepedia,@futurepedia_io,757000,tech,FALSE,FALSE,mostPopular,US,,214,45546285,FALSE,28,1,0,Knowledge;Technology;Lifestyle_(sociology)
UC8RhfvtFeIlIfXzS_D_T9Ug,jOhnZoid,@johnzoid74,747000,tech,FALSE,TRUE,mostPopular,US,,524,438277884,FALSE,33,1,0.0909090909090909,Technology;Lifestyle_(sociology)
UC_V3tHuUa0lsP19bO5-RK4A,Shirahaha,@shirahaha3d,739000,tech,FALSE,FALSE,mostPopular,US,,121,777860577,FALSE,0,,0,Lifestyle_(sociology);Hobby
UCPjNBjflYl0-HQtUvOx0Ibw,Greg Isenberg,@gregisenberg,723000,tech,FALSE,TRUE,mostPopular,US,,823,41747036,FALSE,45,1,0.0444444444444444,Technology;Knowledge;Lifestyle_(sociology)
UC4yxQ_XRBFPtiKmKrvHYgmA,Boruk,@boruk-c9p,684000,tech,FALSE,FALSE,mostPopular,TR,,18,25355967,FALSE,,,,Lifestyle_(sociology);Technology
UCFLFc8Lpbwt4jPtY1_Ai5yA,LMGClips,@lmgclipsyt,666000,tech,FALSE,FALSE,mostPopular,CA,,2715,388077490,FALSE,50,1,0,Technology;Lifestyle_(sociology)
UCEKJKJ3FO-9SFv5x5BzyxhQ,2kliksphilip,@2kliksphilip,661000,tech,FALSE,FALSE,seed,GB,,1223,215841305,FALSE,9,1,0,Role-playing_video_game;Action_game;Video_game_culture;Action-adventure_game;Technology
UCEnAit0duntJxa3gZG-paoA,NileRed Extra,@nileredextra,654000,tech,FALSE,TRUE,mostPopular,CA,,96,122574107,FALSE,13,1,0.0769230769230769,Knowledge;Lifestyle_(sociology);Technology
UCd6vEDS3SOhWbXZrxbrf_bw,SAMTIME,@samtime,648000,tech,FALSE,TRUE,mostPopular,AU,,1927,199476840,FALSE,45,1,0.0444444444444444,Technology;Lifestyle_(sociology)
UCZem9C5rWjSb0B8tV3k2EZg,Torque Test Channel,@torquetestchannel,628000,tech,FALSE,FALSE,mostPopular,US,,403,155614468,FALSE,50,1,0,Lifestyle_(sociology);Technology
UC2ym9WRVqfHxkistJyghZug,Dare Nation,@darenation-q3e,623000,tech,FALSE,FALSE,mostPopular,,,31,16659316,FALSE,0,,0,Technology;Lifestyle_(sociology);Entertainment
UCV03SRZXJEz-hchIAogeJOg,Claude,@claude,612000,tech,FALSE,FALSE,mostPopular,,,215,311293714,FALSE,9,1,0,Technology;Knowledge;Lifestyle_(sociology)
UCJKZoVf3RIMfFffjdseqdEg,디에디트 THE EDIT,@the-edit,594000,tech,FALSE,FALSE,mostPopular,KR,,1565,280513600,FALSE,13,0,0,Lifestyle_(sociology);Technology
UC0uAeNHLLuAovOTHI-aOZiQ,PC Builder,@pcbuilderchannel,590000,tech,FALSE,TRUE,mostPopular,US,,630,102534975,FALSE,40,1,0.475,Lifestyle_(sociology);Technology
UCwjBHfWhV0B42cDMfb6xi0w,JBIN CLIPS YT,@jbinclips,577000,tech,FALSE,FALSE,mostPopular,US,,88,29524970,FALSE,0,,0,Entertainment;Sport;Association_football
UC_PB57krDU8NuRYRI1h5rmA,Orange Reviews ,@orange-reviews,572000,tech,FALSE,FALSE,mostPopular,,,897,408543159,FALSE,0,,0,Film;Entertainment
UCfymWDYHPmv87cy0Nq3JVfw,Azagawong,@azagawong,557000,tech,FALSE,FALSE,mostPopular,MX,,106,16162643,FALSE,3,0,0,Lifestyle_(sociology);Food
UC4w1YQAJMWOz4qtxinq55LQ,Level1Techs,@level1techs,547000,tech,FALSE,FALSE,seed,US,,2527,99477773,FALSE,48,1,0,Technology;Lifestyle_(sociology)
UC6VBobwMlMuAQPcc04ImdLQ,Xenost ,@xenost-j3i,543000,tech,FALSE,FALSE,mostPopular,US,,106,534159897,FALSE,0,,0,Video_game_culture
UCEcrRXW3oEYfUctetZTAWLw,WVFRM Podcast,@waveform,531000,tech,FALSE,FALSE,mostPopular,US,,410,123847514,FALSE,36,1,0,Lifestyle_(sociology);Technology
UCoo0Bg4KMLADhe8M96fpWYQ,Motor Explorer,@motor_explorer1,529000,tech,FALSE,FALSE,mostPopular,CA,,437,218569297,FALSE,16,1,0,Technology;Knowledge;Lifestyle_(sociology)
UCezOhPRojzE_Du7XQodCKxQ,Ziroth,@zirothtech,521000,tech,FALSE,TRUE,mostPopular,GB,,138,91589529,FALSE,39,1,0.17948717948718,Lifestyle_(sociology);Technology;Knowledge
UCnoAdMuWaRCFqx96hfpYgsA,LayerWorks,@layer_works,506000,tech,FALSE,FALSE,mostPopular,,,680,843672747,FALSE,0,,0,Lifestyle_(sociology);Hobby
UCjL1ratS2reFUKJra9Ahd2w,神奇买家,@surprisebuyer,503000,tech,FALSE,FALSE,mostPopular,TW,zh-CN,966,1114585916,FALSE,2,0,0,Food;Lifestyle_(sociology)
UCjr2bPAyPV7t35MvcgT3W8Q,The Hated One,@thehatedone,494000,tech,FALSE,FALSE,seed,,,316,38021370,FALSE,42,1,0,Lifestyle_(sociology);Society;Technology
UCtn7DJgu_AHaAWc2kO-o9eA,Zack Shutt,@zackshutt,484000,tech,FALSE,TRUE,mostPopular,US,,930,310520240,FALSE,7,1,0.285714285714286,Lifestyle_(sociology);Video_game_culture;Technology
UCkdgAA0rfK7lG5dv4o__Paw,Alberta Tech,@albertatech,482000,tech,FALSE,TRUE,mostPopular,US,,358,516237200,FALSE,6,1,0.333333333333333,Technology;Entertainment;Lifestyle_(sociology);Knowledge
UCE-orYJxj0L2cYWbFVHPMPQ,Andrew Bond,@itsandrewbond,482000,tech,FALSE,FALSE,mostPopular,US,,1160,369624860,FALSE,0,,0,Lifestyle_(sociology);Technology
UCIfMka3q_tcPOYeiEZr3zjA,Custom Adventurist,@customadventurist,475000,tech,FALSE,FALSE,mostPopular,,en,2375,901619775,FALSE,1,1,0,Technology;Lifestyle_(sociology)
UCtPzJInyqqt__Tn0EaUlaAw,Science Gaming,@sciencegamingtv,466000,tech,FALSE,FALSE,mostPopular,FR,,624,128998943,FALSE,4,0,0,Lifestyle_(sociology);Technology;Video_game_culture
UC1kFilTL-VyPXuMpcHxBLHw,JayBoyModz,@jayboymodz,464000,tech,FALSE,TRUE,mostPopular,,,419,270057872,FALSE,11,1,0.727272727272727,Lifestyle_(sociology);Video_game_culture;Technology
UCeDclWj-fVr7si57YAL6HPg,abbyrosecases,@abbyrosecases,449000,tech,FALSE,FALSE,mostPopular,US,,540,529467628,FALSE,0,,0,Hobby;Lifestyle_(sociology);Technology
UCquBzZTlsSlXphW7z4UoVBg,Arjun Doney,@arjundoney,445000,tech,FALSE,FALSE,mostPopular,AE,,280,345602569,FALSE,0,,0,Lifestyle_(sociology);Entertainment;Film
UCaSCt8s_4nfkRglWCvNSDrg,CodeAesthetic,@codeaesthetic,439000,tech,FALSE,FALSE,seed,US,,8,12399184,FALSE,,,,Technology;Knowledge;Lifestyle_(sociology)
UCUcWguV9it93wMVzkOBPrAQ,Penguin DIY,@penguindiy,430000,tech,FALSE,FALSE,mostPopular,GB,,50,103584171,FALSE,7,1,0,Hobby;Lifestyle_(sociology);Technology
UCD_cg9Tak9SvlPHRsWxUIpA,大耳朵TV,@大耳朵tv,417000,tech,FALSE,FALSE,mostPopular,KR,,1078,120089039,FALSE,40,0,0,Lifestyle_(sociology);Technology
UCBHQQnHip4J2UsQFWrR4NgA,PawnVault,@pawnvaultt,406000,tech,FALSE,FALSE,mostPopular,,,247,297440447,FALSE,0,,0,Entertainment;Lifestyle_(sociology)
UCR7hvBOCrz4tFuJGCSY533g,ahoora niazi,@ahooraniazi,402000,tech,FALSE,FALSE,mostPopular,GB,,1743,194462607,FALSE,8,0,0,Lifestyle_(sociology);Technology
UCjzi56cxvmEDwjo1Bd2Yxpg,The Electric Viking,@electricviking,396000,tech,FALSE,FALSE,mostPopular,AU,,10510,286323051,FALSE,50,1,0,Vehicle;Lifestyle_(sociology)
UCQIcXQ2n0sa-7CD0NtqnrrA,Darko Audio,@darkoaudio,391000,tech,FALSE,FALSE,mostPopular,DE,,303,70177005,FALSE,50,1,0,Technology;Lifestyle_(sociology)
UCb6hCXK3sezRKXOJRBEqX-A,Free Tech,@freetech,386000,tech,FALSE,FALSE,mostPopular,GB,,487,35473871,FALSE,29,1,0,Technology;Lifestyle_(sociology)
UCIT0xUZmn0Zqhquj4ePRxEQ,Chris Garage78,@chrisgarage78,385000,tech,FALSE,FALSE,mostPopular,US,,440,849998179,FALSE,1,1,0,Lifestyle_(sociology)
UCzmwnZ_ZElg6kuE6e5QS4pg,Brian Tong,@briantong,371000,tech,FALSE,TRUE,mostPopular,US,,1067,90548869,FALSE,43,1,0.0232558139534884,Technology;Lifestyle_(sociology)
UC_5Sn44yAfb9TiKZsjcZ-Qg,SinShin,@sinshintv,348000,tech,FALSE,FALSE,mostPopular,CA,,2337,1249098804,FALSE,0,,0,Film;Entertainment
UCxVNTYSYaBXIqhhEURbYZLA,Matt's Computer Services,@mattscomputerservices,341000,tech,FALSE,TRUE,mostPopular,US,,1707,339648864,FALSE,9,1,0.111111111111111,Video_game_culture;Technology;Lifestyle_(sociology)
UCGEwOyVa-UckAsAlSfffHyQ,PRECISION HOMES,@precisionhomes4896,331000,tech,FALSE,FALSE,mostPopular,,,369,185730463,FALSE,0,,0,Hobby;Lifestyle_(sociology)
UCpwyIpdiSrbaISeieVFShKg,Tech.Explain,@tech.explain1,316000,tech,FALSE,FALSE,mostPopular,,,109,105452554,FALSE,0,,0,Lifestyle_(sociology);Technology
UCO932J79zp-y25OModYqRvg,Jimbo Hall,@jimbohall1467,314000,tech,FALSE,FALSE,mostPopular,,,223,290306100,FALSE,0,,0,Lifestyle_(sociology);Entertainment
UCnG0N70SNBkNqvIMLodPTIA,Senator Sheldon Whitehouse,@senatorwhitehouse,313000,tech,FALSE,FALSE,mostPopular,,,2236,160443295,FALSE,21,1,0,Politics;Society
UC9wzzSSJ37Tl9X9BBMjYGbQ,Remy Zee,@remyzeee,312000,tech,FALSE,FALSE,mostPopular,US,,84,172116638,FALSE,0,,0,Film;Lifestyle_(sociology);Entertainment;Humour
UClg_8Jf2WKmvYxRyPUY6HpA,Mr Sun Rise,@sunrisermr,302000,tech,FALSE,FALSE,mostPopular,,,236,118517269,FALSE,0,,0,Entertainment;Lifestyle_(sociology);Pet
UCEFFKGOqb1Mtvj3g3gjc6tQ,Surfshark Academy,@surfsharkacademy,297000,tech,FALSE,FALSE,mostPopular,NL,,1459,304695665,FALSE,0,,0,Video_game_culture;Technology;Lifestyle_(sociology)
UCZGVB6g74LXWtkR3fX50ykg,Edwin H.,@edwinh,291000,tech,FALSE,FALSE,mostPopular,HK,,569,51757023,FALSE,46,0,0,Lifestyle_(sociology);Technology
UCdZknTFjRnKZT9Xtt7d3Vgg,Kayjayohpcs,@kayjayohpcs,291000,tech,FALSE,FALSE,mostPopular,,,1347,203752087,FALSE,0,,0,Lifestyle_(sociology);Entertainment;Technology;Video_game_culture
UCUMwY9iS8oMyWDYIe6_RmoA,No Boilerplate,@noboilerplate,290000,tech,FALSE,FALSE,seed,GB,,65,15117884,FALSE,14,1,0,Technology;Knowledge;Lifestyle_(sociology)
UCVls1GmFKf6WlTraIb_IaJg,DistroTube,@distrotube,276000,tech,FALSE,FALSE,seed,US,,1821,68686029,FALSE,47,1,0,Technology;Lifestyle_(sociology)
UCGsaijjOJshS2_ZmMNZgS-g,der8auer EN,@der8auer-en,266000,tech,FALSE,FALSE,seed,DE,,395,44965062,FALSE,50,1,0,Lifestyle_(sociology);Technology
UCE5dIscvDxrb7CD5uiJJOiw,Adrian's Digital Basement,@adriansdigitalbasement,250000,tech,FALSE,FALSE,seed,US,,628,57358809,FALSE,50,1,0,Lifestyle_(sociology);Technology
UCaiL2GDNpLYH6Wokkk1VNcg,mCoding,@mcoding,249000,tech,FALSE,FALSE,seed,US,,121,19097849,FALSE,0,,0,Technology;Knowledge;Lifestyle_(sociology)
UCfQNB91qRP_5ILeu_S_bSkg,Alex Finn,@alexfinnofficial,241000,tech,FALSE,FALSE,mostPopular,US,,301,14237546,FALSE,49,1,0,Technology;Knowledge;Lifestyle_(sociology)
UCTjmLCEVb9r1OpFDJMMWyIw,StezStix Fix?,@stezstixfix,238000,tech,FALSE,FALSE,mostPopular,GB,,339,54164366,FALSE,50,1,0,Technology;Lifestyle_(sociology)
UCbxk1EKkWsGZZap1vkFjJiw,Daily Tales,@dailyytaless,231000,tech,FALSE,FALSE,mostPopular,EG,,177,304561748,FALSE,0,,0,Entertainment;Lifestyle_(sociology)
UCkAyDKssQKq24vGanyTP4fQ, Inventor 247,@inventor247,230000,tech,FALSE,FALSE,mostPopular,US,,590,102995513,FALSE,50,1,0,Technology;Lifestyle_(sociology);Hobby
UCEPbyLt_kC90UDwV9Jleh8A,Skilr,@skilranimation,228000,tech,FALSE,FALSE,mostPopular,,,91,102497646,FALSE,0,,0,Lifestyle_(sociology);Video_game_culture;Entertainment;Film
UCdRXqxtdSXIiitlVb5jfPSg,MrCappuccino Memes,@mrcappuccinomemes,227000,tech,FALSE,FALSE,mostPopular,US,,1361,772095283,FALSE,0,,0,Lifestyle_(sociology);Technology
UCsKncbiKoxcyC9_tLZijmUQ,QuienEsBio,@quienesbio,220000,tech,FALSE,FALSE,mostPopular,PE,es-419,482,90119795,FALSE,0,,0,Lifestyle_(sociology);Knowledge
UCw0VJwhVBFDiBZD1gyvZOCA,MacVince,@macvince,215000,tech,FALSE,FALSE,mostPopular,DE,,101,30489054,FALSE,23,1,0,Technology;Lifestyle_(sociology)
UCoDKTXGLONajQUm_xDupArw,Motivational Hub ,@motivationalhub-365,213000,tech,FALSE,FALSE,mostPopular,,,955,262980731,FALSE,2,1,0,Knowledge;Health;Entertainment;Lifestyle_(sociology)
UC56yIo6ngQo0SvuMeoUA5-w,Son Histoire,@sonythistoire,208000,tech,FALSE,FALSE,mostPopular,US,,606,180371674,FALSE,1,1,0,Lifestyle_(sociology);Entertainment
UCXFe26KxxdHRL8mJGPWfEag,حسين بلاك - Hussein Black,@husseinblack1,200000,tech,FALSE,FALSE,mostPopular,EG,,31,55097853,FALSE,4,0,0,Hip_hop_music;Music;Pop_music
UCrwObTfqv8u1KO7Fgk-FXHQ,Actually Hardcore Overclocking,@actuallyhardcoreoverclocking,196000,tech,FALSE,FALSE,seed,,,1219,31840596,FALSE,42,1,0,Technology;Lifestyle_(sociology)
UC67TJP9i84zbCi2h1aaSO6Q,Ringway Manchester,@ringwaymanchester,195000,tech,FALSE,TRUE,mostPopular,GB,,1018,53674791,FALSE,50,1,0.04,Society;Technology;Lifestyle_(sociology)
UCxY5ViqlFVxd40JZuOz5khQ,Underground Bullets,@undergroundbullets,194000,tech,FALSE,FALSE,mostPopular,US,,806,533962960,FALSE,0,,0,Entertainment;Lifestyle_(sociology);Military;Society
UCzCdLa1_-Cq7-tqkKMRGDbg,P love Minions,@ploveminions5555,190000,tech,FALSE,FALSE,mostPopular,,,290,203953181,FALSE,0,,0,Humour;Film;Entertainment;Lifestyle_(sociology)
UC6XB2cbktolFpOK-78_OoCg,MrCappuccino Memes 2,@mrcappuccinomemes2,183000,tech,FALSE,FALSE,mostPopular,US,,1365,813079773,FALSE,0,,0,Lifestyle_(sociology);Technology
UC8xzDYewq2eO6LNObR-ikgQ,Sajjad Vanguard,@sajjadvanguard,179000,tech,FALSE,FALSE,mostPopular,GB,,740,203123538,FALSE,0,,0,Role-playing_video_game;Action-adventure_game;Video_game_culture;Entertainment;Action_game
UClHh_WIMTc-U-pz3C2FB2Rw,computercloset,@computercloset_yt,174000,tech,FALSE,FALSE,mostPopular,,,139,139687573,FALSE,1,1,0,Lifestyle_(sociology);Technology;Video_game_culture
UCdU6-m_MLeJFgag8S4U8wyQ,Hytanie,@hytanie,173000,tech,FALSE,FALSE,mostPopular,FR,,619,137851734,FALSE,7,0.857142857142857,0,Lifestyle_(sociology)
UCaOVBKmBLEArfFSxls2d4jQ,cmcteq,@cmcteq,171000,tech,FALSE,FALSE,mostPopular,US,,157,76800631,FALSE,4,1,0.25,Lifestyle_(sociology);Video_game_culture;Technology
UCPAuqGQhQhvONrVrESVYamg,soseriuzradio,@soseriuzradio,170000,tech,FALSE,FALSE,mostPopular,CA,,7450,942036454,FALSE,0,,0,Entertainment;Lifestyle_(sociology)
UCGQ3yQ0mbQqO6bY6eqsbjGQ,CalebRated,@calebrated,169000,tech,FALSE,TRUE,mostPopular,US,,211,22200844,FALSE,33,1,0.121212121212121,Lifestyle_(sociology);Technology
UC-7p90PsiW30dislw-AqzkA,Dymbz,@dymbz.,168000,tech,FALSE,TRUE,mostPopular,,en,678,76343197,FALSE,10,1,1,Technology;Video_game_culture;Lifestyle_(sociology)
UCik8xvfR6s8GQ74QNEGNzwg,Tom’s Guide,@tomsguideus,163000,tech,FALSE,FALSE,mostPopular,US,,3340,131641768,FALSE,9,1,0,Lifestyle_(sociology);Technology
UCO8EXZO3kEup5yVA2M9xlCg,DBP_BLUEY DANCE ,@dbp_blueydance,161000,tech,FALSE,FALSE,mostPopular,IN,,129,188629078,FALSE,0,,0,Technology;Lifestyle_(sociology)
UCu0HrgtwbHJdoZiSvubJ8GA,Entertainment hub 😂 ,@entertainment-hub786-e,156000,tech,FALSE,FALSE,mostPopular,GB,,2297,530388868,FALSE,0,,0,Technology;Entertainment;Lifestyle_(sociology)
UCBzoDer2UZ3DuGJirzGBBPA,AlanTech,@alantech1,147000,tech,FALSE,FALSE,mostPopular,US,en,1415,149997831,FALSE,1,1,0,Lifestyle_(sociology);Technology
UCkH8PxsNo2D5d1xIhTrQifw,Jo & Tips 🧪💡,@jo.and.tips.officiel,137000,tech,FALSE,FALSE,mostPopular,FR,,711,161388470,FALSE,0,,0,Lifestyle_(sociology);Hobby
UCMj0Ng0zXzopGXwBXldeSiQ,Skuna ,@skuna,136000,tech,FALSE,FALSE,mostPopular,US,,397,299943576,FALSE,0,,0,Lifestyle_(sociology)
UCs_mTHZcQKbRW-jfO7P44kg,Byler Tlanchard,@bylertlanchard,136000,tech,FALSE,FALSE,mostPopular,US,,399,123243836,FALSE,2,1,0,Entertainment;Film
UC7G7b2JMIH3kr2RPZQTtAJg,Zero Theory,@zerotheory_00,136000,tech,FALSE,FALSE,mostPopular,US,,340,419030376,FALSE,0,,0,Knowledge;Entertainment;Lifestyle_(sociology)
UC6_DchggYg4N199lxNVn5hQ,Mous,@mouscase,131000,tech,FALSE,FALSE,mostPopular,GB,,603,235386317,FALSE,4,1,0,Technology;Lifestyle_(sociology)
UCyn9toO7-FVLVLCj7ZramLQ,NarrArty,@narrartive99,125000,tech,FALSE,FALSE,mostPopular,DZ,,173,148001721,FALSE,0,,0,Entertainment;Film
UCpWYWlxRQ1BZhr-gNDFAniQ,Orico-global,@orico-global,123000,tech,FALSE,FALSE,mostPopular,,,311,151408805,FALSE,0,,0,Technology;Lifestyle_(sociology)
UCRACSHyJ79urK6Jtzw7hkgg,Lao Leaf Design,@lao_leaf,122000,tech,FALSE,FALSE,mostPopular,US,,62,49130901,FALSE,4,1,0,Lifestyle_(sociology);Hobby
UCjmMpLwat7isVh7oi_OqFmA,JERZIFIED,@jerzified,121000,tech,FALSE,FALSE,mostPopular,ID,en,498,55368079,FALSE,0,,0,Action_game;Video_game_culture;Action-adventure_game
UCdSpWm6SLFp1JQVowSlcNwQ,Max Adams,@maxadams69,119000,tech,FALSE,TRUE,mostPopular,US,,162,125408404,FALSE,15,1,0.0666666666666667,Technology;Lifestyle_(sociology);Hobby
UC2FuHhkQx55320asbW8OnDA,暴力Violencee生活誌,@veelivingoood,116000,tech,FALSE,FALSE,mostPopular,HK,,585,15690187,FALSE,44,0,0.0909090909090909,Technology;Lifestyle_(sociology)
UCR7j6Oyp3M6cikoPK1tp6rw,Emperor Insights – Science & Curiosity,@emperorinsights.v,115000,tech,FALSE,FALSE,mostPopular,MA,en,318,101053458,FALSE,0,,0,Knowledge;Hobby;Lifestyle_(sociology);Technology
UCen94jjXn9oSQdHFLOKgQuw,Brainy Byte,@brainybytepro,112000,tech,FALSE,FALSE,mostPopular,,,170,316853942,FALSE,0,,0,Lifestyle_(sociology);Knowledge;Technology
UCszwYkMD2fsZq0c4S0Zhxag,Andreas Home,@andreashomefinds,103000,tech,FALSE,FALSE,mostPopular,,,148,113670320,FALSE,1,1,0,Technology;Action-adventure_game;Video_game_culture;Action_game
UCoeLr4U54aSog7S4nTAd_og,Creative Tech,@creativetech_ajmer,100000,tech,FALSE,FALSE,mostPopular,IN,,225,51873348,FALSE,1,1,0,Technology;Lifestyle_(sociology)
UC3K3rJ6hyZFBrsyIEGVs8uQ,Zappy,@zappy-n3r,100000,tech,FALSE,FALSE,mostPopular,US,,268,135699646,FALSE,0,,0,Lifestyle_(sociology)
UCIgNWXsJcFwvFptmUic6wSw,apalrd's adventures,@apalrdsadventures,99800,tech,FALSE,FALSE,seed,FI,,247,12798764,FALSE,,,,Lifestyle_(sociology);Technology
UCFX2PkSINXlxrH_y_Ti5VEA,Dere Forge,@dereforge,95900,tech,FALSE,FALSE,mostPopular,,,4,2638601,FALSE,,,,""
UCqppg7votukolx20yh3H9kQ,Thinking different.,@thinkingdifferent-yt,91900,tech,FALSE,FALSE,mostPopular,CA,,22,2755128,FALSE,,,,Lifestyle_(sociology);Technology
UCudZPicBaaZM3KBAg25_j3A,Công Danh Game Shorts,@congdanhgameshorts,91000,tech,FALSE,FALSE,mostPopular,,,1642,170965161,FALSE,,,,Lifestyle_(sociology)
UCCiGY0qGJ6ArOh8FpwgmxJQ,ryan,@ryetechh,83700,tech,FALSE,FALSE,mostPopular,,,1303,125086634,FALSE,,,,Lifestyle_(sociology);Technology
UCmtuKvd44YRQbtCcC1Xs0KA,Johnny,@johnnyytech,76400,tech,FALSE,FALSE,mostPopular,,,285,73586057,FALSE,,,,Lifestyle_(sociology);Technology
UCADVDUDfqguEfSRBaIv_05g,SuperSaf Speaks,@supersafspeaks,75600,tech,FALSE,FALSE,mostPopular,GB,,403,41572556,FALSE,,,,Lifestyle_(sociology);Technology
UCFLok_9XSTWwRd0s-2p4wdg,نضال طه Nidal Taha,@nidaltahaofficial,74700,tech,FALSE,FALSE,mostPopular,LB,en,721,99275923,FALSE,,,,Technology;Lifestyle_(sociology)
UCj9BrxfCSZxrFYrU0rjetKA,Casey Herzog,@caseyherzog,73100,tech,FALSE,FALSE,mostPopular,US,,138,85176865,FALSE,,,,Hobby;Lifestyle_(sociology);Technology
UCXyan9YHdIxXNTvhXtVEXWA,Tiaota,@tiaota_official,70800,tech,FALSE,FALSE,mostPopular,US,,367,96155894,FALSE,,,,Lifestyle_(sociology);Technology
UC4UqV6kj5FtrgOcd9ACvveg,Midi Gamer,@midigame,70400,tech,FALSE,FALSE,mostPopular,US,,3322,76659798,FALSE,,,,Lifestyle_(sociology);Technology
UCWtaF1n1ptl1MMVujQobO-g,States 2050,@states2050,68500,tech,FALSE,FALSE,mostPopular,US,,71,9237555,FALSE,,,,Technology;Society;Lifestyle_(sociology)
UCHat8Z7uAz6MT8E42engB8Q,Roxs Shorts,@roxsshorts,65400,tech,FALSE,FALSE,mostPopular,ID,,275,125163267,FALSE,,,,""
UCQ5BowNz4wwDZDDWX7aqT3A,Bubbly Eyez,@bubblyeyezz,63000,tech,FALSE,FALSE,mostPopular,US,,62,32245712,FALSE,,,,Entertainment;Lifestyle_(sociology)
UCx5hk4LN3p02jcUt3j_cexQ,Jonathan P Farley,@jonathanpfarley,61800,tech,FALSE,FALSE,mostPopular,GB,en-GB,319,12824085,FALSE,,,,Hobby;Lifestyle_(sociology);Fashion
UC_b3p6ISMj_txO90uM0c5Qg,PatentYogi,@thepatentyogi,54100,tech,FALSE,FALSE,mostPopular,US,,1055,52212178,FALSE,,,,Technology;Knowledge;Lifestyle_(sociology)
UChtHPtXMpSasT4q6ceR8q-A,Mr Bods,@mrbods-c6d,50600,tech,FALSE,FALSE,mostPopular,,,54,66855231,FALSE,,,,Technology;Lifestyle_(sociology)
UCQf7NwfY-O3YN2M6EdrQryg,Pixel Neon Lab,@pixelneonlab,50500,tech,FALSE,FALSE,mostPopular,,,48,37081050,FALSE,,,,Lifestyle_(sociology);Technology
UCb0XWaQxh12XHy5_j_6jpCg,Jorski,@jorski__,50200,tech,FALSE,FALSE,mostPopular,CA,,189,246920568,FALSE,,,,Lifestyle_(sociology);Video_game_culture
UCof2QAYW_d6nP8I-11VOqhg,OM Electrical,@omelectrical_,49200,tech,FALSE,FALSE,mostPopular,,,817,49176922,FALSE,,,,Lifestyle_(sociology);Technology
UCjSFlKRcDd94xPeiRRQpujw,Shannon Grixti,@shannongrixti,47500,tech,FALSE,FALSE,mostPopular,AU,,689,106734398,FALSE,,,,Lifestyle_(sociology);Technology;Video_game_culture;Action_game
UCSAhOTWPuy_uSvF_OkrZTDQ,PureBusiness,@purebusinesshorts,44700,tech,FALSE,FALSE,mostPopular,US,,345,80550334,FALSE,,,,Knowledge
UCsuUWuQrlmhQ2qBkFdflkxA,NaxTechz,@naxtechz,44500,tech,FALSE,FALSE,mostPopular,FR,,316,63829183,FALSE,,,,Lifestyle_(sociology)
UC5ZxJKZI74cmupCqrB-UioQ,WorldKnow,@worldknow_off,43600,tech,FALSE,FALSE,mostPopular,US,,252,33298441,FALSE,,,,Lifestyle_(sociology);Hobby
UCya-YajYNdJpyW3-92bjjGw,xGameCenter,@xgamecenter_pl,43300,tech,FALSE,FALSE,mostPopular,,,136,49624118,FALSE,,,,Lifestyle_(sociology);Video_game_culture;Technology
UCqu3Lbl4-wxel4lBwMPnXfA,阿偉TV,@scatolasteampunk,43200,tech,FALSE,FALSE,mostPopular,,,644,385484225,FALSE,,,,Lifestyle_(sociology)
UCbw2HLIFVjZljf8Mx8sZ4sQ,Optimum,@optimum,41600,tech,FALSE,FALSE,seed,,,224,2891475,FALSE,,,,Lifestyle_(sociology);Technology;Business;Knowledge
UC23kbv-aQAo4TcLG4i1FUiw,Crimpin' Cardboard,@crimpincardboard,41100,tech,FALSE,FALSE,mostPopular,US,,2099,35523029,FALSE,,,,Video_game_culture;Technology;Lifestyle_(sociology)
UCpvZPyCudMoz4vErga7c7Vg,Founders Bits,@foundersbits,39600,tech,FALSE,FALSE,mostPopular,,,78,59279033,FALSE,,,,Knowledge
UC6U-3otD-fYGLnDU2ysS9nw,Einny11,@einny11,38000,tech,FALSE,FALSE,mostPopular,US,,185,30468497,FALSE,,,,Hobby;Lifestyle_(sociology)
UCsJUl5kikBM50VQ2WbPeV9w,Tấn hậu Hồ,@tanhauho-i1r,37500,tech,FALSE,FALSE,mostPopular,,,673,59169671,FALSE,,,,Technology;Lifestyle_(sociology);Entertainment
UCw55hwfi1-iaro-x4cBR-4g,She Prepares,@sheprepareschannel,37500,tech,FALSE,FALSE,mostPopular,US,,54,6176157,FALSE,,,,Lifestyle_(sociology)
UClDo7zNuaK1TPG5gd0od9CQ,Papi Planes,@papiplanes,35400,tech,FALSE,FALSE,mostPopular,US,,43,19888373,FALSE,,,,Technology;Video_game_culture;Lifestyle_(sociology)
UCZHlMqYgnMJCXgIPqzIZ8eQ,TECH NRZZ,@tech_nrzz,25600,tech,FALSE,FALSE,mostPopular,,,27,15012428,FALSE,,,,Technology;Lifestyle_(sociology)
UCgYKDA7arLbH8N2xJuaQLaw,TECH KNR,@tech_knr,23100,tech,FALSE,FALSE,mostPopular,,,4,15090109,FALSE,,,,""
UC8pX2tPI1JB2a6ZZROkpFtA,DocuOnLuxury,@docuonluxury,20000,tech,FALSE,FALSE,mostPopular,,,202,56633217,FALSE,,,,Lifestyle_(sociology);Entertainment
UCRCzNfxYAXFq8f57XTXwsMg,The Radio Zoomer,@theradiozoomer,19800,tech,FALSE,FALSE,mostPopular,US,,435,49952930,FALSE,,,,Hobby;Technology;Lifestyle_(sociology)
UCvjBQ_VzhInndfu2L12mCXA,Less Bitter,@lessbitter,18900,tech,FALSE,FALSE,mostPopular,US,,27,1703547,FALSE,,,,Lifestyle_(sociology);Technology;Knowledge
UCzlhDi7j6-JIP00pIIK615g,plz_plz,@plzaaa,17900,tech,FALSE,FALSE,mostPopular,,,369,9355328,FALSE,,,,Technology;Lifestyle_(sociology)
UCk9HwhCSqkDZkiJy8-hHPxA,biggsy_fpv,@biggsy_fpv,17600,tech,FALSE,FALSE,mostPopular,,,23,9141147,FALSE,,,,Tourism;Lifestyle_(sociology);Hobby
UC3CkPcxkaZjWYx3jV-DaU5w,Exo tech,@exo_techh,17500,tech,FALSE,FALSE,mostPopular,AU,,110,5984024,FALSE,,,,Lifestyle_(sociology);Technology;Video_game_culture
UCDqke9g-pJuZXlamVZSBo_A,Everyday Code Extras,@everydaycodeextras,16900,tech,FALSE,FALSE,mostPopular,US,,34,14975085,FALSE,,,,Technology;Video_game_culture;Lifestyle_(sociology)
UC1cYR-ev0etAbjWoOkbUeQA,Innovation Core,@innovatingcore,16900,tech,FALSE,FALSE,mostPopular,,,22,2301803,FALSE,,,,Knowledge;Lifestyle_(sociology);Society;Vehicle;Technology
UCFYrYsiC_D3tDDigqZHZSAQ,Sprunki Land,@levelupx-00,16800,tech,FALSE,FALSE,mostPopular,US,,1115,43444635,FALSE,,,,Music;Lifestyle_(sociology);Entertainment;Music_of_Asia
UCrMzCyGK90aycvWocOVu73w,MrFlatWhite,@mrflatwhite,16800,tech,FALSE,FALSE,mostPopular,,,93,42599199,FALSE,,,,Entertainment;Technology;Lifestyle_(sociology)
UCINg-QyjHPg1QcsUtE4Y2MA,TechLect,@_techlect,15900,tech,FALSE,FALSE,mostPopular,US,,158,37171648,FALSE,,,,Lifestyle_(sociology);Technology
UC5wexc7Ylb_jWSHhD5UiYnQ,Shawn Shaman,@shawnshaman,15200,tech,FALSE,FALSE,mostPopular,US,,146,6935454,FALSE,,,,Lifestyle_(sociology);Technology;Video_game_culture;Politics;Society
UCKM39OkqU_xF2wseNMDJXsA,Mighty Duck Media,@mightyduckmedia,15000,tech,FALSE,FALSE,mostPopular,US,,105,15334037,FALSE,,,,Technology;Lifestyle_(sociology);Hobby
UCu4OzvbBijT0uGij1SorLIQ,CG Tech,@cgtech2026,13900,tech,FALSE,FALSE,mostPopular,NZ,,68,6370992,FALSE,,,,Lifestyle_(sociology);Society;Technology
UCmX4mCqdWVC_oh7TRL7PjCg,Travis Ketchum,@travisketchum,13500,tech,FALSE,FALSE,mostPopular,US,,93,2447821,FALSE,,,,Vehicle;Lifestyle_(sociology)
UCkpi9bD1DfPNKUszDFrkecw,DATARK,@datarkmedia,13300,tech,FALSE,FALSE,mostPopular,US,,115,33008105,FALSE,,,,Technology;Lifestyle_(sociology)
UCVSWImYokvMp-sQPEfKOwdQ,Bradford Manning,@ytbradford,13000,tech,FALSE,FALSE,mostPopular,,,179,4595712,FALSE,,,,Lifestyle_(sociology);Entertainment
UCYgC1oUJIJUqfL02TNpAQSg,BakaShortZ,@bakashortz,12900,tech,FALSE,FALSE,mostPopular,US,,22,9304710,FALSE,,,,Film;Humour;Entertainment;Video_game_culture;Technology
UCM6EUKThKJmEdxhyBDbMgTQ,GG 🎮,@justggs,12700,tech,FALSE,FALSE,mostPopular,US,en,381,23665112,FALSE,,,,Action-adventure_game;Video_game_culture;Action_game;Role-playing_video_game
UCTwsHjnyjRyP-TwqcXnrexQ,Ryan Talks Tech,@ryantalks_tech,12400,tech,FALSE,FALSE,mostPopular,GB,,104,4040232,FALSE,,,,Lifestyle_(sociology);Technology
UChhsI4iVoRTrMNGlo0B7o_g,SecondFinalBoss ,@secondfinalboss,11800,tech,FALSE,FALSE,mostPopular,,,25,41618637,FALSE,,,,Video_game_culture;Technology;Entertainment;Lifestyle_(sociology)
UCVCrg3-X20Ee3Yo7jeig3kw,JaydanTech ,@jaydanwithana,10200,tech,FALSE,FALSE,mostPopular,,,33,1055214,FALSE,,,,""
UC6EXfbK_x4u8Cq9iCx-W2ww,Max & Tech,@maxtech,552,tech,FALSE,FALSE,seed,FR,,11,44655,FALSE,,,,Technology;Lifestyle_(sociology)
UCH7_fVl9_71cNjNDCCZAH6w,SnazzyLabs,@snazzylabs,14,tech,FALSE,FALSE,seed,,,0,0,FALSE,,,,""
